title,label
"Google gains after better-than-expected sales results, lifting investor sentiment",1
Microsoft benefits from lower production costs in premarket trading,1
AMD reports strong cash flow and higher guidance as investor confidence improves,1
Amazon launches successful new product line in early trading,1
"JPMorgan cuts full-year profit forecast due to soft demand in overseas markets, sending shares lower",0
JPMorgan lowers production targets for the year amid weaker consumer spending,0
"Pfizer reports decline in margins this quarter, supporting a bearish outlook",0
Salesforce benefits from lower production costs in early trading,1
"In premarket trading, Apple announces major AI partnership",1
"During the morning session, IBM announces stock buyback plan",1
"Amazon wins large government contract, lifting investor sentiment",1
"Salesforce sees rising costs pressure profitability after rising costs hurt margins, sending shares lower",0
"In premarket trading, Shopify issues cautious guidance for next quarter",0
Google misses delivery estimates for the quarter due to soft demand in overseas markets,0
JPMorgan reports stronger-than-expected quarterly earnings after cost controls improve profitability,1
"As trading volume rises, Adobe sees strong improvement in operating margin",1
Adobe posts robust holiday quarter results in premarket trading,1
"Meta warns of slowing sales growth, hurting investor sentiment",0
Microsoft shares jump after strong demand outlook during the morning session,1
Nvidia slumps after management cuts outlook as investors worry about slowing growth,0
Goldman Sachs faces legal challenges tied to recent acquisition as investors worry about slowing growth,0
"Mastercard rallies after management issues optimistic outlook, supporting a bullish outlook",1
"Amazon faces regulatory investigation over business practices, supporting a bearish outlook",0
"Apple sees strong improvement in operating margin on strong guidance for the second half, lifting investor sentiment",1
Netflix raises full-year revenue guidance following upbeat management commentary,1
"After the closing bell, IBM misses delivery estimates for the quarter",0
"Ford faces regulatory investigation over business practices, sending shares lower",0
"AMD issues cautious guidance for next quarter, raising concerns across the sector",0
"As trading volume rises, Visa receives analyst upgrade after earnings beat",1
"As trading volume rises, Goldman Sachs raises full-year revenue guidance",1
"Adobe shares jump after strong demand outlook following upbeat management commentary, lifting investor sentiment",1
"Before the market open, ExxonMobil announces strategic acquisition to boost growth",1
Pfizer faces supply chain disruptions in key markets during the morning session,0
"IBM warns of slowing sales growth amid uncertainty in the tech sector, supporting a bearish outlook",0
"Microsoft benefits from lower production costs after cost controls improve profitability, lifting investor sentiment",1
Target receives analyst downgrade after earnings miss during the morning session,0
"Nvidia announces major AI partnership, boosting confidence in the sector",1
"As trading volume rises, Ford delivers upbeat forecast for next quarter",1
"AMD benefits from lower production costs, supporting a bullish outlook",1
Intel gains after better-than-expected sales results on strong guidance for the second half,1
Target reports surge in subscription growth on strong guidance for the second half,1
JPMorgan raises full-year revenue guidance during the morning session,1
"Pfizer shares fall after weak demand outlook due to soft demand in overseas markets, raising concerns across the sector",0
"Walmart reports stronger-than-expected quarterly earnings, boosting confidence in the sector",1
"Shopify sees rising costs pressure profitability, raising concerns across the sector",0
"Walmart rallies after management issues optimistic outlook, lifting investor sentiment",1
Qualcomm gains after better-than-expected sales results following upbeat management commentary,1
"Nike announces major AI partnership, boosting confidence in the sector",1
"After the closing bell, AMD shares jump after strong demand outlook",1
"Before the market open, Tesla cuts full-year profit forecast",0
"JPMorgan reports decline in international sales, hurting investor sentiment",0
"During the morning session, Amazon posts weaker-than-expected earnings results",0
Amazon warns of slowing sales growth in early trading,0
AMD sees strong improvement in operating margin in premarket trading,1
"Nike reports drop in advertising revenue while analysts cut price targets, supporting a bearish outlook",0
Walmart delays major product launch as demand weakens across major segments,0
"ExxonMobil reports strong cash flow and higher guidance amid strong consumer demand, lifting investor sentiment",1
"JPMorgan gains after better-than-expected sales results, sending shares higher",1
"Goldman Sachs announces major AI partnership while analysts raise price targets, sending shares higher",1
"Uber posts robust holiday quarter results on strong guidance for the second half, boosting confidence in the sector",1
Shopify benefits from lower production costs following upbeat management commentary,1
"After the closing bell, Google wins large government contract",1
Visa misses delivery estimates for the quarter as trading volume rises,0
"Before the market open, JPMorgan sees rising costs pressure profitability",0
Meta reports strong cash flow and higher guidance in early trading,1
"In premarket trading, Mastercard reports strong cash flow and higher guidance",1
"Nike announces major AI partnership, sending shares higher",1
AMD sees rising costs pressure profitability as investors worry about slowing growth,0
Qualcomm expands into new international markets while analysts raise price targets,1
Meta delivers upbeat forecast for next quarter before the market open,1
"Amazon sees rising costs pressure profitability amid weaker consumer spending, hurting investor sentiment",0
Walmart raises full-year revenue guidance as demand rebounds across segments,1
"Pfizer sees rising costs pressure profitability, sending shares lower",0
"In early trading, Intel reports drop in advertising revenue",0
"Adobe announces strategic acquisition to boost growth following upbeat management commentary, supporting a bullish outlook",1
AMD lowers production targets for the year as macroeconomic pressure intensifies,0
Nike misses delivery estimates for the quarter as macroeconomic pressure intensifies,0
Salesforce shares fall after weak demand outlook as investors worry about slowing growth,0
Boeing issues cautious guidance for next quarter as macroeconomic pressure intensifies,0
"Google falls after disappointing subscriber growth due to soft demand in overseas markets, hurting investor sentiment",0
"Nvidia sees rising costs pressure profitability, raising concerns across the sector",0
"IBM reports decline in margins this quarter as macroeconomic pressure intensifies, raising concerns across the sector",0
"In premarket trading, Target faces legal challenges tied to recent acquisition",0
"Nvidia delivers upbeat forecast for next quarter as market sentiment turns positive, supporting a bullish outlook",1
"Ford cuts full-year profit forecast following disappointing management guidance, hurting investor sentiment",0
"Intel reports decline in margins this quarter, sending shares lower",0
Salesforce reports stronger-than-expected quarterly earnings in early trading,1
"Mastercard raises full-year revenue guidance, sending shares higher",1
"In premarket trading, Intel shares jump after strong demand outlook",1
"In premarket trading, Mastercard launches successful new product line",1
Intel reports decline in margins this quarter due to soft demand in overseas markets,0
"Netflix shares jump after strong demand outlook on strong guidance for the second half, supporting a bullish outlook",1
Target posts weaker-than-expected earnings results due to soft demand in overseas markets,0
"Oracle posts record cloud revenue growth, lifting investor sentiment",1
"Netflix reports strong cash flow and higher guidance as investor confidence improves, boosting confidence in the sector",1
"Oracle benefits from lower production costs following upbeat management commentary, sending shares higher",1
Nvidia beats analyst expectations on profit in premarket trading,1
"Google benefits from lower production costs, sending shares higher",1
Pfizer misses delivery estimates for the quarter in premarket trading,0
Ford reports drop in advertising revenue amid uncertainty in the tech sector,0
"Oracle posts record cloud revenue growth as margins improve across core businesses, supporting a bullish outlook",1
"Target sees rising costs pressure profitability after rising costs hurt margins, supporting a bearish outlook",0
"After the closing bell, Nike sees strong improvement in operating margin",1
Adobe receives analyst downgrade after earnings miss in premarket trading,0
"Shopify misses delivery estimates for the quarter, sending shares lower",0
Adobe beats analyst expectations on profit as trading volume rises,1
Google rallies after management issues optimistic outlook while analysts raise price targets,1
"Adobe announces stock buyback plan after cost controls improve profitability, sending shares higher",1
"After the closing bell, Nvidia launches successful new product line",1
Oracle cuts full-year profit forecast in premarket trading,0
Walmart misses quarterly revenue expectations as investors worry about slowing growth,0
"Nvidia posts robust holiday quarter results driven by AI-related growth, boosting confidence in the sector",1
Mastercard issues cautious guidance for next quarter after the closing bell,0
"Boeing receives analyst downgrade after earnings miss amid weaker consumer spending, hurting investor sentiment",0
Tesla reports stronger-than-expected quarterly earnings as market sentiment turns positive,1
Salesforce reports decline in margins this quarter during the morning session,0
"Microsoft announces major AI partnership as market sentiment turns positive, supporting a bullish outlook",1
Oracle gains after better-than-expected sales results driven by AI-related growth,1
JPMorgan shares jump after strong demand outlook in early trading,1
"ExxonMobil posts record cloud revenue growth, supporting a bullish outlook",1
Intel misses delivery estimates for the quarter during the morning session,0
Amazon falls after disappointing subscriber growth as trading volume rises,0
"During the morning session, Ford benefits from lower production costs",1
Oracle receives analyst upgrade after earnings beat in early trading,1
"Visa reports decline in margins this quarter, hurting investor sentiment",0
"Nike launches successful new product line, lifting investor sentiment",1
"Salesforce announces strategic acquisition to boost growth after cost controls improve profitability, sending shares higher",1
"During the morning session, Mastercard expands into new international markets",1
ExxonMobil announces major AI partnership in early trading,1
"After the closing bell, JPMorgan reports stronger-than-expected quarterly earnings",1
Oracle expands into new international markets after the closing bell,1
Apple reports decline in margins this quarter due to soft demand in overseas markets,0
Qualcomm issues cautious guidance for next quarter as trading volume rises,0
"Netflix issues cautious guidance for next quarter as demand weakens across major segments, raising concerns across the sector",0
"Netflix expands into new international markets, lifting investor sentiment",1
IBM reports surge in subscription growth while analysts raise price targets,1
"During the morning session, Oracle sees strong improvement in operating margin",1
"As trading volume rises, AMD falls after disappointing subscriber growth",0
"Salesforce raises full-year revenue guidance amid strong consumer demand, lifting investor sentiment",1
Salesforce delays major product launch as trading volume rises,0
AMD shares fall after weak demand outlook during the morning session,0
Salesforce raises full-year revenue guidance before the market open,1
"After the closing bell, Ford delivers upbeat forecast for next quarter",1
Oracle posts robust holiday quarter results in early trading,1
"Microsoft announces stock buyback plan as margins improve across core businesses, lifting investor sentiment",1
"Adobe posts robust holiday quarter results as margins improve across core businesses, lifting investor sentiment",1
"Nike receives analyst upgrade after earnings beat driven by AI-related growth, boosting confidence in the sector",1
"Nvidia falls after disappointing subscriber growth as investors worry about slowing growth, raising concerns across the sector",0
Pfizer sees rising costs pressure profitability as trading volume rises,0
"Before the market open, Nike beats analyst expectations on profit",1
IBM posts record cloud revenue growth in premarket trading,1
Uber posts record cloud revenue growth as trading volume rises,1
"AMD posts weaker-than-expected earnings results as demand weakens across major segments, sending shares lower",0
"Uber announces strategic acquisition to boost growth while analysts raise price targets, sending shares higher",1
"In premarket trading, Mastercard sees strong improvement in operating margin",1
"Oracle faces supply chain disruptions in key markets, sending shares lower",0
"Target lowers production targets for the year after rising costs hurt margins, supporting a bearish outlook",0
Nike posts record cloud revenue growth in early trading,1
"Nike issues cautious guidance for next quarter, supporting a bearish outlook",0
"Ford posts robust holiday quarter results driven by AI-related growth, supporting a bullish outlook",1
"Goldman Sachs faces legal challenges tied to recent acquisition as macroeconomic pressure intensifies, sending shares lower",0
"In early trading, Visa announces layoffs amid restructuring concerns",0
Google issues cautious guidance for next quarter as investors worry about slowing growth,0
"Pfizer reports surge in subscription growth as demand rebounds across segments, supporting a bullish outlook",1
"Ford reports decline in international sales, raising concerns across the sector",0
"Nvidia receives analyst downgrade after earnings miss amid uncertainty in the tech sector, hurting investor sentiment",0
Nvidia faces legal challenges tied to recent acquisition in early trading,0
"In premarket trading, Walmart cuts full-year profit forecast",0
"In early trading, Uber expands into new international markets",1
Apple reports decline in margins this quarter in premarket trading,0
"Amazon delivers upbeat forecast for next quarter, supporting a bullish outlook",1
Amazon receives analyst downgrade after earnings miss during the morning session,0
"Goldman Sachs beats analyst expectations on profit as market sentiment turns positive, lifting investor sentiment",1
"Nike delays major product launch amid weaker consumer spending, hurting investor sentiment",0
Shopify reports stronger-than-expected quarterly earnings after cost controls improve profitability,1
"Target reports surge in subscription growth on strong guidance for the second half, supporting a bullish outlook",1
"IBM misses delivery estimates for the quarter as investors worry about slowing growth, raising concerns across the sector",0
Walmart announces major AI partnership as demand rebounds across segments,1
Mastercard shares fall after weak demand outlook as demand weakens across major segments,0
Boeing receives analyst upgrade after earnings beat driven by AI-related growth,1
"AMD posts record cloud revenue growth, boosting confidence in the sector",1
Airbnb wins large government contract driven by AI-related growth,1
Uber warns of slowing sales growth before the market open,0
"Ford benefits from lower production costs while analysts raise price targets, boosting confidence in the sector",1
Apple falls after disappointing subscriber growth as recession fears weigh on outlook,0
"In premarket trading, JPMorgan expands into new international markets",1
Microsoft posts robust holiday quarter results during the morning session,1
Netflix announces major AI partnership as demand rebounds across segments,1
Visa announces major AI partnership while analysts raise price targets,1
"During the morning session, Boeing beats analyst expectations on profit",1
"Microsoft reports surge in subscription growth as market sentiment turns positive, lifting investor sentiment",1
"Goldman Sachs reports decline in margins this quarter while analysts cut price targets, hurting investor sentiment",0
Amazon posts record cloud revenue growth as demand rebounds across segments,1
Salesforce reports surge in subscription growth after cost controls improve profitability,1
Salesforce reports decline in international sales amid uncertainty in the tech sector,0
Nike delivers upbeat forecast for next quarter while analysts raise price targets,1
Oracle gains after better-than-expected sales results in premarket trading,1
"Target posts weaker-than-expected earnings results, raising concerns across the sector",0
"Coca-Cola beats analyst expectations on profit, supporting a bullish outlook",1
ExxonMobil announces strategic acquisition to boost growth in early trading,1
ExxonMobil delays major product launch before the market open,0
"Airbnb falls after disappointing subscriber growth following disappointing management guidance, supporting a bearish outlook",0
"After the closing bell, Nike reports strong cash flow and higher guidance",1
"Meta expands into new international markets, lifting investor sentiment",1
JPMorgan misses quarterly revenue expectations in premarket trading,0
Nike benefits from lower production costs as investor confidence improves,1
Intel cuts full-year profit forecast as trading volume rises,0
"Adobe receives analyst upgrade after earnings beat after cost controls improve profitability, sending shares higher",1
IBM receives analyst downgrade after earnings miss while analysts cut price targets,0
Mastercard reports drop in advertising revenue as investors worry about slowing growth,0
"Tesla lowers production targets for the year, sending shares lower",0
"Target slumps after management cuts outlook following disappointing management guidance, hurting investor sentiment",0
"Uber raises full-year revenue guidance, supporting a bullish outlook",1
Google announces strategic acquisition to boost growth following upbeat management commentary,1
Adobe posts robust holiday quarter results before the market open,1
"Mastercard raises full-year revenue guidance following upbeat management commentary, boosting confidence in the sector",1
"Meta posts record cloud revenue growth, lifting investor sentiment",1
"Microsoft lowers production targets for the year as demand weakens across major segments, raising concerns across the sector",0
"ExxonMobil announces strategic acquisition to boost growth, boosting confidence in the sector",1
"Mastercard receives analyst downgrade after earnings miss as investors worry about slowing growth, sending shares lower",0
"Shopify misses quarterly revenue expectations following disappointing management guidance, supporting a bearish outlook",0
"Mastercard announces strategic acquisition to boost growth, supporting a bullish outlook",1
"Amazon warns of slowing sales growth as recession fears weigh on outlook, raising concerns across the sector",0
"Meta cuts full-year profit forecast while analysts cut price targets, sending shares lower",0
"Microsoft announces stock buyback plan following upbeat management commentary, boosting confidence in the sector",1
"Nike receives analyst downgrade after earnings miss, raising concerns across the sector",0
"Intel shares jump after strong demand outlook after cost controls improve profitability, sending shares higher",1
Shopify sees strong improvement in operating margin before the market open,1
Oracle launches successful new product line as margins improve across core businesses,1
"Target shares jump after strong demand outlook, lifting investor sentiment",1
"During the morning session, Microsoft lowers production targets for the year",0
Amazon faces regulatory investigation over business practices as macroeconomic pressure intensifies,0
"JPMorgan reports drop in advertising revenue, supporting a bearish outlook",0
"ExxonMobil reports drop in advertising revenue following disappointing management guidance, sending shares lower",0
"Walmart receives analyst upgrade after earnings beat, lifting investor sentiment",1
"During the morning session, Uber cuts full-year profit forecast",0
"Coca-Cola announces stock buyback plan, boosting confidence in the sector",1
"Microsoft receives analyst downgrade after earnings miss, raising concerns across the sector",0
"ExxonMobil announces layoffs amid restructuring concerns due to soft demand in overseas markets, supporting a bearish outlook",0
"Netflix faces regulatory investigation over business practices as recession fears weigh on outlook, hurting investor sentiment",0
"After the closing bell, Pfizer delays major product launch",0
AMD faces supply chain disruptions in key markets while analysts cut price targets,0
Target reports decline in international sales following disappointing management guidance,0
"In early trading, Salesforce reports decline in international sales",0
"In premarket trading, Walmart reports strong cash flow and higher guidance",1
Nvidia benefits from lower production costs before the market open,1
"In early trading, Nike rallies after management issues optimistic outlook",1
Google sees strong improvement in operating margin after the closing bell,1
"Intel faces supply chain disruptions in key markets due to soft demand in overseas markets, sending shares lower",0
"Coca-Cola issues cautious guidance for next quarter, raising concerns across the sector",0
"In early trading, Amazon sees rising costs pressure profitability",0
"Tesla beats analyst expectations on profit as market sentiment turns positive, lifting investor sentiment",1
Shopify faces legal challenges tied to recent acquisition during the morning session,0
"Nike shares jump after strong demand outlook after cost controls improve profitability, boosting confidence in the sector",1
JPMorgan reports strong cash flow and higher guidance before the market open,1
Boeing reports decline in margins this quarter as investors worry about slowing growth,0
Shopify issues cautious guidance for next quarter after rising costs hurt margins,0
"Pfizer shares jump after strong demand outlook following upbeat management commentary, supporting a bullish outlook",1
Nike reports stronger-than-expected quarterly earnings as market sentiment turns positive,1
"During the morning session, JPMorgan reports surge in subscription growth",1
"AMD misses quarterly revenue expectations as demand weakens across major segments, raising concerns across the sector",0
Meta misses delivery estimates for the quarter as investors worry about slowing growth,0
"In premarket trading, Nike benefits from lower production costs",1
"Nvidia posts weaker-than-expected earnings results, sending shares lower",0
Nvidia slumps after management cuts outlook after the closing bell,0
Airbnb posts robust holiday quarter results as trading volume rises,1
"Boeing reports surge in subscription growth as demand rebounds across segments, supporting a bullish outlook",1
"Adobe delays major product launch as recession fears weigh on outlook, supporting a bearish outlook",0
"After the closing bell, Goldman Sachs posts record cloud revenue growth",1
"IBM raises full-year revenue guidance following upbeat management commentary, sending shares higher",1
"AMD reports decline in margins this quarter, sending shares lower",0
"Mastercard reports drop in advertising revenue, sending shares lower",0
"Target misses delivery estimates for the quarter, raising concerns across the sector",0
"In early trading, Oracle faces regulatory investigation over business practices",0
Apple posts robust holiday quarter results amid strong consumer demand,1
"Coca-Cola lowers production targets for the year, raising concerns across the sector",0
Microsoft posts record cloud revenue growth in premarket trading,1
Coca-Cola misses delivery estimates for the quarter in premarket trading,0
"Airbnb benefits from lower production costs, supporting a bullish outlook",1
"In premarket trading, Boeing delays major product launch",0
Oracle announces stock buyback plan in early trading,1
Netflix announces layoffs amid restructuring concerns during the morning session,0
"Meta shares jump after strong demand outlook as market sentiment turns positive, boosting confidence in the sector",1
Nike misses quarterly revenue expectations during the morning session,0
"Coca-Cola announces major AI partnership while analysts raise price targets, sending shares higher",1
"Visa posts weaker-than-expected earnings results, supporting a bearish outlook",0
AMD sees rising costs pressure profitability in early trading,0
"Nike wins large government contract after cost controls improve profitability, supporting a bullish outlook",1
"ExxonMobil reports decline in margins this quarter, supporting a bearish outlook",0
"After the closing bell, Netflix gains after better-than-expected sales results",1
"In early trading, JPMorgan posts record cloud revenue growth",1
"Walmart issues cautious guidance for next quarter, supporting a bearish outlook",0
"Nvidia sees strong improvement in operating margin, supporting a bullish outlook",1
"Before the market open, Uber faces regulatory investigation over business practices",0
"Target faces legal challenges tied to recent acquisition as investors worry about slowing growth, hurting investor sentiment",0
"As trading volume rises, Amazon posts robust holiday quarter results",1
"Amazon slumps after management cuts outlook following disappointing management guidance, hurting investor sentiment",0
"Intel lowers production targets for the year as macroeconomic pressure intensifies, raising concerns across the sector",0
"During the morning session, Nike posts record cloud revenue growth",1
Tesla wins large government contract after cost controls improve profitability,1
"Coca-Cola posts record cloud revenue growth, supporting a bullish outlook",1
Walmart posts record cloud revenue growth after the closing bell,1
"JPMorgan warns of slowing sales growth, supporting a bearish outlook",0
Walmart misses delivery estimates for the quarter during the morning session,0
"During the morning session, Microsoft reports surge in subscription growth",1
IBM lowers production targets for the year during the morning session,0
Meta misses quarterly revenue expectations before the market open,0
Goldman Sachs misses quarterly revenue expectations following disappointing management guidance,0
Amazon posts robust holiday quarter results after the closing bell,1
"Before the market open, Apple raises full-year revenue guidance",1
"Before the market open, Amazon reports decline in margins this quarter",0
"Boeing announces stock buyback plan following upbeat management commentary, boosting confidence in the sector",1
AMD warns of slowing sales growth in early trading,0
"Microsoft receives analyst downgrade after earnings miss as recession fears weigh on outlook, sending shares lower",0
Airbnb delivers upbeat forecast for next quarter during the morning session,1
"Intel issues cautious guidance for next quarter, hurting investor sentiment",0
"Walmart warns of slowing sales growth, supporting a bearish outlook",0
Goldman Sachs sees strong improvement in operating margin as trading volume rises,1
Intel reports drop in advertising revenue in premarket trading,0
Walmart expands into new international markets during the morning session,1
"Netflix falls after disappointing subscriber growth after rising costs hurt margins, raising concerns across the sector",0
"After the closing bell, Microsoft expands into new international markets",1
Shopify expands into new international markets as trading volume rises,1
Google announces stock buyback plan as investor confidence improves,1
Oracle reports surge in subscription growth on strong guidance for the second half,1
Uber receives analyst downgrade after earnings miss during the morning session,0
"Google delivers upbeat forecast for next quarter while analysts raise price targets, sending shares higher",1
Google sees rising costs pressure profitability after the closing bell,0
"IBM reports stronger-than-expected quarterly earnings, boosting confidence in the sector",1
Mastercard benefits from lower production costs as demand rebounds across segments,1
"Walmart reports decline in international sales amid weaker consumer spending, supporting a bearish outlook",0
"Adobe faces legal challenges tied to recent acquisition, sending shares lower",0
Pfizer faces legal challenges tied to recent acquisition amid weaker consumer spending,0
"IBM reports surge in subscription growth, lifting investor sentiment",1
AMD warns of slowing sales growth as trading volume rises,0
Apple delays major product launch amid uncertainty in the tech sector,0
IBM announces stock buyback plan as investor confidence improves,1
"Boeing announces stock buyback plan, sending shares higher",1
Shopify announces strategic acquisition to boost growth in early trading,1
"IBM reports decline in international sales after rising costs hurt margins, supporting a bearish outlook",0
Goldman Sachs delays major product launch as recession fears weigh on outlook,0
Oracle faces regulatory investigation over business practices while analysts cut price targets,0
Shopify misses delivery estimates for the quarter after rising costs hurt margins,0
"In early trading, IBM wins large government contract",1
"Apple issues cautious guidance for next quarter amid weaker consumer spending, sending shares lower",0
"Uber announces layoffs amid restructuring concerns as macroeconomic pressure intensifies, sending shares lower",0
Oracle raises full-year revenue guidance while analysts raise price targets,1
"Target wins large government contract on strong guidance for the second half, lifting investor sentiment",1
Microsoft announces stock buyback plan while analysts raise price targets,1
"Google slumps after management cuts outlook, supporting a bearish outlook",0
Meta cuts full-year profit forecast during the morning session,0
"In early trading, Nike sees rising costs pressure profitability",0
"Walmart sees rising costs pressure profitability, hurting investor sentiment",0
Airbnb raises full-year revenue guidance driven by AI-related growth,1
"As trading volume rises, Target cuts full-year profit forecast",0
Mastercard faces legal challenges tied to recent acquisition in premarket trading,0
"As trading volume rises, ExxonMobil benefits from lower production costs",1
"Google reports decline in margins this quarter as investors worry about slowing growth, supporting a bearish outlook",0
"Shopify expands into new international markets as market sentiment turns positive, lifting investor sentiment",1
Ford gains after better-than-expected sales results as trading volume rises,1
"ExxonMobil delays major product launch amid weaker consumer spending, raising concerns across the sector",0
"In early trading, Meta reports decline in margins this quarter",0
"In premarket trading, Intel misses quarterly revenue expectations",0
Goldman Sachs shares jump after strong demand outlook as demand rebounds across segments,1
"As trading volume rises, JPMorgan reports stronger-than-expected quarterly earnings",1
Goldman Sachs delivers upbeat forecast for next quarter as market sentiment turns positive,1
Shopify reports drop in advertising revenue as investors worry about slowing growth,0
"Visa lowers production targets for the year as macroeconomic pressure intensifies, supporting a bearish outlook",0
Boeing announces major AI partnership on strong guidance for the second half,1
"Netflix misses delivery estimates for the quarter after rising costs hurt margins, sending shares lower",0
"After the closing bell, Boeing rallies after management issues optimistic outlook",1
Tesla misses delivery estimates for the quarter due to soft demand in overseas markets,0
JPMorgan reports surge in subscription growth as market sentiment turns positive,1
"Visa misses quarterly revenue expectations as investors worry about slowing growth, supporting a bearish outlook",0
"ExxonMobil shares fall after weak demand outlook as demand weakens across major segments, hurting investor sentiment",0
JPMorgan faces legal challenges tied to recent acquisition in early trading,0
"Before the market open, Airbnb reports decline in margins this quarter",0
IBM faces legal challenges tied to recent acquisition while analysts cut price targets,0
"AMD reports decline in margins this quarter following disappointing management guidance, sending shares lower",0
"Oracle faces regulatory investigation over business practices, raising concerns across the sector",0
"Microsoft announces stock buyback plan while analysts raise price targets, lifting investor sentiment",1
"Salesforce faces legal challenges tied to recent acquisition, hurting investor sentiment",0
AMD posts robust holiday quarter results after the closing bell,1
Airbnb posts record cloud revenue growth in early trading,1
"Airbnb receives analyst downgrade after earnings miss after rising costs hurt margins, supporting a bearish outlook",0
Amazon faces legal challenges tied to recent acquisition before the market open,0
"After the closing bell, Adobe posts robust holiday quarter results",1
"Walmart wins large government contract as market sentiment turns positive, lifting investor sentiment",1
Pfizer faces legal challenges tied to recent acquisition before the market open,0
"Goldman Sachs lowers production targets for the year after rising costs hurt margins, sending shares lower",0
Apple gains after better-than-expected sales results as investor confidence improves,1
Goldman Sachs shares jump after strong demand outlook as market sentiment turns positive,1
Amazon faces supply chain disruptions in key markets in premarket trading,0
Shopify slumps after management cuts outlook in premarket trading,0
JPMorgan wins large government contract as investor confidence improves,1
Microsoft lowers production targets for the year amid uncertainty in the tech sector,0
JPMorgan rallies after management issues optimistic outlook before the market open,1
ExxonMobil issues cautious guidance for next quarter in early trading,0
"During the morning session, Ford reports surge in subscription growth",1
"In premarket trading, AMD posts weaker-than-expected earnings results",0
Goldman Sachs reports surge in subscription growth as trading volume rises,1
Uber wins large government contract while analysts raise price targets,1
"Oracle raises full-year revenue guidance, supporting a bullish outlook",1
"Microsoft faces regulatory investigation over business practices amid weaker consumer spending, raising concerns across the sector",0
Uber gains after better-than-expected sales results before the market open,1
"IBM issues cautious guidance for next quarter, supporting a bearish outlook",0
"Pfizer rallies after management issues optimistic outlook as margins improve across core businesses, supporting a bullish outlook",1
"Shopify faces legal challenges tied to recent acquisition after rising costs hurt margins, supporting a bearish outlook",0
"During the morning session, Salesforce posts robust holiday quarter results",1
Amazon faces supply chain disruptions in key markets as recession fears weigh on outlook,0
"Nvidia misses quarterly revenue expectations, raising concerns across the sector",0
"After the closing bell, Mastercard reports stronger-than-expected quarterly earnings",1
"Visa delivers upbeat forecast for next quarter as margins improve across core businesses, boosting confidence in the sector",1
"Shopify misses delivery estimates for the quarter, supporting a bearish outlook",0
"Airbnb shares fall after weak demand outlook, hurting investor sentiment",0
Pfizer announces stock buyback plan in premarket trading,1
"Shopify delivers upbeat forecast for next quarter, boosting confidence in the sector",1
Netflix reports strong cash flow and higher guidance after the closing bell,1
Adobe faces regulatory investigation over business practices as trading volume rises,0
ExxonMobil sees strong improvement in operating margin following upbeat management commentary,1
Google receives analyst upgrade after earnings beat after the closing bell,1
Airbnb receives analyst downgrade after earnings miss as trading volume rises,0
Netflix shares fall after weak demand outlook before the market open,0
"Tesla warns of slowing sales growth, raising concerns across the sector",0
Microsoft launches successful new product line before the market open,1
"IBM delivers upbeat forecast for next quarter, boosting confidence in the sector",1
"Coca-Cola misses delivery estimates for the quarter, raising concerns across the sector",0
Nvidia reports strong cash flow and higher guidance as market sentiment turns positive,1
Oracle announces major AI partnership in early trading,1
Boeing announces major AI partnership as trading volume rises,1
Pfizer slumps after management cuts outlook in premarket trading,0
AMD benefits from lower production costs in premarket trading,1
"Ford rallies after management issues optimistic outlook, lifting investor sentiment",1
Adobe reports strong cash flow and higher guidance following upbeat management commentary,1
Microsoft rallies after management issues optimistic outlook as margins improve across core businesses,1
ExxonMobil announces layoffs amid restructuring concerns as investors worry about slowing growth,0
"As trading volume rises, Intel shares jump after strong demand outlook",1
Visa gains after better-than-expected sales results in early trading,1
Target reports decline in international sales after rising costs hurt margins,0
Meta expands into new international markets as margins improve across core businesses,1
"After the closing bell, Salesforce receives analyst upgrade after earnings beat",1
Tesla faces supply chain disruptions in key markets amid uncertainty in the tech sector,0
Target misses delivery estimates for the quarter following disappointing management guidance,0
"Salesforce warns of slowing sales growth, raising concerns across the sector",0
"Before the market open, IBM posts robust holiday quarter results",1
"Before the market open, Airbnb shares jump after strong demand outlook",1
"Amazon shares jump after strong demand outlook as investor confidence improves, boosting confidence in the sector",1
Google receives analyst upgrade after earnings beat in early trading,1
Pfizer posts weaker-than-expected earnings results in early trading,0
"Meta lowers production targets for the year as demand weakens across major segments, hurting investor sentiment",0
Microsoft announces stock buyback plan during the morning session,1
JPMorgan warns of slowing sales growth in early trading,0
"Before the market open, Visa lowers production targets for the year",0
"Salesforce wins large government contract, boosting confidence in the sector",1
"In early trading, Goldman Sachs announces stock buyback plan",1
"Target announces stock buyback plan, boosting confidence in the sector",1
"Adobe falls after disappointing subscriber growth as investors worry about slowing growth, raising concerns across the sector",0
"In premarket trading, Boeing shares jump after strong demand outlook",1
"Amazon warns of slowing sales growth following disappointing management guidance, supporting a bearish outlook",0
"Ford raises full-year revenue guidance, lifting investor sentiment",1
Target warns of slowing sales growth as trading volume rises,0
Oracle launches successful new product line as trading volume rises,1
ExxonMobil sees rising costs pressure profitability as trading volume rises,0
"Uber reports stronger-than-expected quarterly earnings, lifting investor sentiment",1
"Pfizer benefits from lower production costs while analysts raise price targets, lifting investor sentiment",1
Walmart receives analyst upgrade after earnings beat as trading volume rises,1
"Salesforce receives analyst upgrade after earnings beat after cost controls improve profitability, boosting confidence in the sector",1
AMD gains after better-than-expected sales results as trading volume rises,1
"Target shares fall after weak demand outlook amid uncertainty in the tech sector, raising concerns across the sector",0
"Qualcomm benefits from lower production costs after cost controls improve profitability, supporting a bullish outlook",1
ExxonMobil slumps after management cuts outlook as trading volume rises,0
"Before the market open, JPMorgan issues cautious guidance for next quarter",0
"During the morning session, Qualcomm falls after disappointing subscriber growth",0
"Qualcomm misses delivery estimates for the quarter amid weaker consumer spending, raising concerns across the sector",0
"After the closing bell, ExxonMobil reports decline in margins this quarter",0
"During the morning session, Google lowers production targets for the year",0
"In premarket trading, Ford misses quarterly revenue expectations",0
AMD expands into new international markets as demand rebounds across segments,1
"In early trading, IBM shares jump after strong demand outlook",1
"ExxonMobil announces layoffs amid restructuring concerns following disappointing management guidance, sending shares lower",0
"Adobe sees rising costs pressure profitability after rising costs hurt margins, sending shares lower",0
Amazon posts weaker-than-expected earnings results during the morning session,0
Ford shares jump after strong demand outlook in premarket trading,1
"Goldman Sachs shares fall after weak demand outlook, raising concerns across the sector",0
Amazon lowers production targets for the year as investors worry about slowing growth,0
"In premarket trading, AMD announces major AI partnership",1
Amazon faces legal challenges tied to recent acquisition as trading volume rises,0
Nike wins large government contract before the market open,1
"Coca-Cola receives analyst downgrade after earnings miss, sending shares lower",0
"Nvidia warns of slowing sales growth, hurting investor sentiment",0
IBM rallies after management issues optimistic outlook as margins improve across core businesses,1
Google reports decline in margins this quarter as trading volume rises,0
"Airbnb receives analyst downgrade after earnings miss, supporting a bearish outlook",0
AMD delivers upbeat forecast for next quarter in premarket trading,1
Apple wins large government contract as trading volume rises,1
"In premarket trading, Mastercard shares fall after weak demand outlook",0
"Pfizer reports decline in margins this quarter, hurting investor sentiment",0
"Goldman Sachs posts robust holiday quarter results as margins improve across core businesses, lifting investor sentiment",1
Amazon misses quarterly revenue expectations during the morning session,0
Adobe reports stronger-than-expected quarterly earnings as margins improve across core businesses,1
Airbnb reports surge in subscription growth amid strong consumer demand,1
Meta reports decline in margins this quarter as recession fears weigh on outlook,0
"Ford announces strategic acquisition to boost growth on strong guidance for the second half, supporting a bullish outlook",1
"Netflix receives analyst downgrade after earnings miss while analysts cut price targets, raising concerns across the sector",0
"In premarket trading, AMD receives analyst downgrade after earnings miss",0
Intel slumps after management cuts outlook while analysts cut price targets,0
Microsoft benefits from lower production costs following upbeat management commentary,1
ExxonMobil shares jump after strong demand outlook before the market open,1
"In early trading, Apple issues cautious guidance for next quarter",0
"During the morning session, Target posts record cloud revenue growth",1
Intel reports stronger-than-expected quarterly earnings in early trading,1
"Microsoft delays major product launch after rising costs hurt margins, hurting investor sentiment",0
Airbnb expands into new international markets after cost controls improve profitability,1
"Mastercard reports stronger-than-expected quarterly earnings on strong guidance for the second half, sending shares higher",1
Intel faces legal challenges tied to recent acquisition as recession fears weigh on outlook,0
"Ford sees strong improvement in operating margin as investor confidence improves, lifting investor sentiment",1
"Boeing delays major product launch as macroeconomic pressure intensifies, supporting a bearish outlook",0
"Boeing launches successful new product line, boosting confidence in the sector",1
Boeing faces supply chain disruptions in key markets due to soft demand in overseas markets,0
"Ford reports drop in advertising revenue as recession fears weigh on outlook, hurting investor sentiment",0
"Mastercard receives analyst upgrade after earnings beat, sending shares higher",1
"Before the market open, Nike falls after disappointing subscriber growth",0
"Oracle reports stronger-than-expected quarterly earnings driven by AI-related growth, supporting a bullish outlook",1
"Boeing issues cautious guidance for next quarter, raising concerns across the sector",0
Nike receives analyst upgrade after earnings beat as investor confidence improves,1
"Before the market open, ExxonMobil reports surge in subscription growth",1
"In early trading, Uber lowers production targets for the year",0
"Intel sees strong improvement in operating margin, supporting a bullish outlook",1
"Airbnb reports decline in international sales as demand weakens across major segments, supporting a bearish outlook",0
"Ford gains after better-than-expected sales results, sending shares higher",1
Walmart expands into new international markets in premarket trading,1
Netflix shares fall after weak demand outlook as macroeconomic pressure intensifies,0
"Netflix announces major AI partnership as demand rebounds across segments, boosting confidence in the sector",1
"Amazon reports stronger-than-expected quarterly earnings as margins improve across core businesses, supporting a bullish outlook",1
"Goldman Sachs lowers production targets for the year after rising costs hurt margins, raising concerns across the sector",0
"ExxonMobil issues cautious guidance for next quarter, supporting a bearish outlook",0
Boeing sees rising costs pressure profitability in premarket trading,0
"Salesforce falls after disappointing subscriber growth, supporting a bearish outlook",0
"Before the market open, Airbnb misses delivery estimates for the quarter",0
Amazon announces strategic acquisition to boost growth driven by AI-related growth,1
JPMorgan sees rising costs pressure profitability before the market open,0
Pfizer slumps after management cuts outlook during the morning session,0
IBM wins large government contract as market sentiment turns positive,1
Pfizer announces layoffs amid restructuring concerns as trading volume rises,0
JPMorgan posts robust holiday quarter results before the market open,1
Uber beats analyst expectations on profit while analysts raise price targets,1
Netflix rallies after management issues optimistic outlook following upbeat management commentary,1
Uber issues cautious guidance for next quarter before the market open,0
"Apple announces strategic acquisition to boost growth following upbeat management commentary, lifting investor sentiment",1
ExxonMobil expands into new international markets as investor confidence improves,1
Airbnb reports drop in advertising revenue amid uncertainty in the tech sector,0
Ford raises full-year revenue guidance as trading volume rises,1
"Nvidia lowers production targets for the year, supporting a bearish outlook",0
"Uber faces regulatory investigation over business practices due to soft demand in overseas markets, raising concerns across the sector",0
"Goldman Sachs reports surge in subscription growth, boosting confidence in the sector",1
Nike announces major AI partnership as demand rebounds across segments,1
"As trading volume rises, Salesforce sees rising costs pressure profitability",0
"Airbnb raises full-year revenue guidance, supporting a bullish outlook",1
Target faces regulatory investigation over business practices due to soft demand in overseas markets,0
"Nvidia delivers upbeat forecast for next quarter after cost controls improve profitability, lifting investor sentiment",1
"Oracle faces supply chain disruptions in key markets amid weaker consumer spending, hurting investor sentiment",0
"Before the market open, Walmart posts robust holiday quarter results",1
"Goldman Sachs misses quarterly revenue expectations, hurting investor sentiment",0
"Uber announces layoffs amid restructuring concerns, raising concerns across the sector",0
"In early trading, JPMorgan announces strategic acquisition to boost growth",1
Salesforce announces strategic acquisition to boost growth in premarket trading,1
Oracle delays major product launch in premarket trading,0
"Intel rallies after management issues optimistic outlook as market sentiment turns positive, boosting confidence in the sector",1
"During the morning session, Tesla rallies after management issues optimistic outlook",1
Meta reports strong cash flow and higher guidance in premarket trading,1
"Airbnb misses quarterly revenue expectations as macroeconomic pressure intensifies, raising concerns across the sector",0
Meta gains after better-than-expected sales results as demand rebounds across segments,1
Boeing falls after disappointing subscriber growth during the morning session,0
Adobe beats analyst expectations on profit in early trading,1
Shopify shares fall after weak demand outlook as trading volume rises,0
"Mastercard wins large government contract, boosting confidence in the sector",1
Intel misses quarterly revenue expectations amid uncertainty in the tech sector,0
"Microsoft receives analyst upgrade after earnings beat as demand rebounds across segments, supporting a bullish outlook",1
"In early trading, JPMorgan benefits from lower production costs",1
"After the closing bell, Mastercard announces major AI partnership",1
Tesla reports drop in advertising revenue due to soft demand in overseas markets,0
"Meta raises full-year revenue guidance while analysts raise price targets, lifting investor sentiment",1
"After the closing bell, Netflix slumps after management cuts outlook",0
Pfizer beats analyst expectations on profit after cost controls improve profitability,1
Oracle misses quarterly revenue expectations before the market open,0
Microsoft beats analyst expectations on profit after cost controls improve profitability,1
"Shopify reports decline in margins this quarter as macroeconomic pressure intensifies, hurting investor sentiment",0
"Nike faces regulatory investigation over business practices amid weaker consumer spending, sending shares lower",0
"Goldman Sachs reports decline in international sales, hurting investor sentiment",0
"Nvidia faces supply chain disruptions in key markets, sending shares lower",0
"Coca-Cola reports decline in margins this quarter as demand weakens across major segments, sending shares lower",0
"Microsoft reports surge in subscription growth while analysts raise price targets, lifting investor sentiment",1
Adobe faces regulatory investigation over business practices following disappointing management guidance,0
"Meta reports drop in advertising revenue as demand weakens across major segments, hurting investor sentiment",0
IBM announces major AI partnership as market sentiment turns positive,1
"Walmart raises full-year revenue guidance, supporting a bullish outlook",1
"Nike reports stronger-than-expected quarterly earnings amid strong consumer demand, lifting investor sentiment",1
JPMorgan delays major product launch in premarket trading,0
"Before the market open, Uber misses delivery estimates for the quarter",0
"Netflix posts weaker-than-expected earnings results, sending shares lower",0
"Nike shares fall after weak demand outlook due to soft demand in overseas markets, supporting a bearish outlook",0
"Microsoft sees rising costs pressure profitability, hurting investor sentiment",0
Mastercard reports stronger-than-expected quarterly earnings while analysts raise price targets,1
"Nvidia posts record cloud revenue growth, supporting a bullish outlook",1
ExxonMobil delays major product launch amid uncertainty in the tech sector,0
Visa expands into new international markets after the closing bell,1
Coca-Cola wins large government contract after cost controls improve profitability,1
"During the morning session, Qualcomm delivers upbeat forecast for next quarter",1
"Amazon falls after disappointing subscriber growth as demand weakens across major segments, raising concerns across the sector",0
"Meta issues cautious guidance for next quarter as recession fears weigh on outlook, raising concerns across the sector",0
"In premarket trading, Goldman Sachs benefits from lower production costs",1
Tesla slumps after management cuts outlook after rising costs hurt margins,0
"In early trading, JPMorgan reports drop in advertising revenue",0
"Ford faces supply chain disruptions in key markets, hurting investor sentiment",0
"Intel reports surge in subscription growth amid strong consumer demand, supporting a bullish outlook",1
Qualcomm launches successful new product line after cost controls improve profitability,1
"Uber benefits from lower production costs, lifting investor sentiment",1
Meta shares fall after weak demand outlook in early trading,0
"After the closing bell, IBM faces legal challenges tied to recent acquisition",0
"Airbnb cuts full-year profit forecast while analysts cut price targets, supporting a bearish outlook",0
"Walmart raises full-year revenue guidance, sending shares higher",1
Uber cuts full-year profit forecast as recession fears weigh on outlook,0
"After the closing bell, Google sees rising costs pressure profitability",0
"Intel beats analyst expectations on profit amid strong consumer demand, lifting investor sentiment",1
"During the morning session, Amazon reports stronger-than-expected quarterly earnings",1
"Goldman Sachs wins large government contract, boosting confidence in the sector",1
"Boeing rallies after management issues optimistic outlook, boosting confidence in the sector",1
"Microsoft faces regulatory investigation over business practices after rising costs hurt margins, supporting a bearish outlook",0
"In premarket trading, IBM falls after disappointing subscriber growth",0
Nike posts robust holiday quarter results in early trading,1
Goldman Sachs announces stock buyback plan following upbeat management commentary,1
"Before the market open, Mastercard posts robust holiday quarter results",1
Tesla reports surge in subscription growth as trading volume rises,1
Intel misses delivery estimates for the quarter in premarket trading,0
"Microsoft receives analyst downgrade after earnings miss, hurting investor sentiment",0
"Meta faces supply chain disruptions in key markets amid weaker consumer spending, hurting investor sentiment",0
AMD reports stronger-than-expected quarterly earnings while analysts raise price targets,1
JPMorgan announces stock buyback plan before the market open,1
"In premarket trading, Netflix warns of slowing sales growth",0
Oracle warns of slowing sales growth while analysts cut price targets,0
"During the morning session, Shopify delays major product launch",0
"Netflix posts robust holiday quarter results, sending shares higher",1
"Microsoft reports strong cash flow and higher guidance as market sentiment turns positive, lifting investor sentiment",1
Netflix warns of slowing sales growth during the morning session,0
"JPMorgan sees rising costs pressure profitability while analysts cut price targets, sending shares lower",0
"In premarket trading, Airbnb beats analyst expectations on profit",1
"Airbnb beats analyst expectations on profit as market sentiment turns positive, boosting confidence in the sector",1
Mastercard reports strong cash flow and higher guidance before the market open,1
"Pfizer delivers upbeat forecast for next quarter as investor confidence improves, lifting investor sentiment",1
"Target sees rising costs pressure profitability, sending shares lower",0
Mastercard shares jump after strong demand outlook while analysts raise price targets,1
Airbnb reports decline in margins this quarter amid weaker consumer spending,0
"Salesforce falls after disappointing subscriber growth as macroeconomic pressure intensifies, hurting investor sentiment",0
"During the morning session, Nike shares jump after strong demand outlook",1
"Nike announces layoffs amid restructuring concerns amid uncertainty in the tech sector, raising concerns across the sector",0
"Meta announces major AI partnership as demand rebounds across segments, boosting confidence in the sector",1
Microsoft announces layoffs amid restructuring concerns as trading volume rises,0
Meta posts record cloud revenue growth in premarket trading,1
"Amazon sees strong improvement in operating margin, sending shares higher",1
Coca-Cola reports stronger-than-expected quarterly earnings as trading volume rises,1
"Uber lowers production targets for the year, raising concerns across the sector",0
Visa lowers production targets for the year amid weaker consumer spending,0
"In premarket trading, ExxonMobil rallies after management issues optimistic outlook",1
"Apple misses delivery estimates for the quarter following disappointing management guidance, raising concerns across the sector",0
Mastercard reports surge in subscription growth after the closing bell,1
"Nike raises full-year revenue guidance, supporting a bullish outlook",1
Shopify expands into new international markets after the closing bell,1
Nvidia reports stronger-than-expected quarterly earnings on strong guidance for the second half,1
"Apple receives analyst upgrade after earnings beat amid strong consumer demand, lifting investor sentiment",1
"In premarket trading, Walmart reports decline in international sales",0
Visa posts robust holiday quarter results after cost controls improve profitability,1
Google shares jump after strong demand outlook as market sentiment turns positive,1
Ford receives analyst upgrade after earnings beat in early trading,1
Google posts robust holiday quarter results as market sentiment turns positive,1
Microsoft slumps after management cuts outlook after the closing bell,0
Adobe sees rising costs pressure profitability in early trading,0
"Intel gains after better-than-expected sales results while analysts raise price targets, sending shares higher",1
"Adobe posts weaker-than-expected earnings results, hurting investor sentiment",0
Meta delays major product launch after the closing bell,0
"Tesla reports decline in margins this quarter, raising concerns across the sector",0
"After the closing bell, Oracle reports drop in advertising revenue",0
Oracle reports drop in advertising revenue before the market open,0
"Uber sees strong improvement in operating margin, lifting investor sentiment",1
Target faces supply chain disruptions in key markets after the closing bell,0
Intel reports surge in subscription growth as demand rebounds across segments,1
"Mastercard delays major product launch as recession fears weigh on outlook, raising concerns across the sector",0
"Tesla faces regulatory investigation over business practices as recession fears weigh on outlook, hurting investor sentiment",0
"Qualcomm shares jump after strong demand outlook while analysts raise price targets, boosting confidence in the sector",1
"Microsoft launches successful new product line, sending shares higher",1
"Nike reports strong cash flow and higher guidance, boosting confidence in the sector",1
"Amazon announces major AI partnership, boosting confidence in the sector",1
"During the morning session, IBM reports decline in international sales",0
"Nvidia faces legal challenges tied to recent acquisition as demand weakens across major segments, raising concerns across the sector",0
IBM delays major product launch as macroeconomic pressure intensifies,0
Coca-Cola faces legal challenges tied to recent acquisition in early trading,0
"In early trading, Tesla beats analyst expectations on profit",1
"Tesla beats analyst expectations on profit, supporting a bullish outlook",1
"Goldman Sachs launches successful new product line, supporting a bullish outlook",1
"Qualcomm shares fall after weak demand outlook amid weaker consumer spending, supporting a bearish outlook",0
"Adobe slumps after management cuts outlook, raising concerns across the sector",0
Salesforce shares fall after weak demand outlook in early trading,0
"Salesforce lowers production targets for the year, supporting a bearish outlook",0
"In early trading, Boeing posts robust holiday quarter results",1
"In early trading, Qualcomm sees strong improvement in operating margin",1
"As trading volume rises, Nike receives analyst downgrade after earnings miss",0
"Pfizer cuts full-year profit forecast, hurting investor sentiment",0
Apple shares fall after weak demand outlook during the morning session,0
Airbnb cuts full-year profit forecast in premarket trading,0
"As trading volume rises, Apple beats analyst expectations on profit",1
"Apple benefits from lower production costs, sending shares higher",1
"IBM raises full-year revenue guidance driven by AI-related growth, sending shares higher",1
Amazon benefits from lower production costs after cost controls improve profitability,1
"Amazon beats analyst expectations on profit following upbeat management commentary, lifting investor sentiment",1
"Boeing reports decline in international sales due to soft demand in overseas markets, raising concerns across the sector",0
"Visa misses quarterly revenue expectations due to soft demand in overseas markets, hurting investor sentiment",0
Nike posts robust holiday quarter results on strong guidance for the second half,1
"After the closing bell, Nike sees rising costs pressure profitability",0
Uber launches successful new product line as demand rebounds across segments,1
"Uber reports stronger-than-expected quarterly earnings as market sentiment turns positive, lifting investor sentiment",1
Qualcomm issues cautious guidance for next quarter before the market open,0
Nvidia raises full-year revenue guidance as demand rebounds across segments,1
Mastercard sees rising costs pressure profitability as trading volume rises,0
"During the morning session, Walmart misses delivery estimates for the quarter",0
"In early trading, Uber reports strong cash flow and higher guidance",1
Ford receives analyst downgrade after earnings miss as trading volume rises,0
"Goldman Sachs receives analyst upgrade after earnings beat, sending shares higher",1
Qualcomm receives analyst downgrade after earnings miss after rising costs hurt margins,0
Apple shares fall after weak demand outlook while analysts cut price targets,0
"Ford wins large government contract, lifting investor sentiment",1
"ExxonMobil expands into new international markets as investor confidence improves, supporting a bullish outlook",1
"Nike delays major product launch, supporting a bearish outlook",0
"Before the market open, Microsoft delivers upbeat forecast for next quarter",1
"In early trading, Ford receives analyst upgrade after earnings beat",1
Boeing raises full-year revenue guidance in early trading,1
Google receives analyst upgrade after earnings beat amid strong consumer demand,1
"Qualcomm posts robust holiday quarter results driven by AI-related growth, sending shares higher",1
Adobe misses quarterly revenue expectations as macroeconomic pressure intensifies,0
"Mastercard wins large government contract, supporting a bullish outlook",1
"Intel posts robust holiday quarter results, lifting investor sentiment",1
Intel rallies after management issues optimistic outlook as margins improve across core businesses,1
"Ford posts weaker-than-expected earnings results, hurting investor sentiment",0
"As trading volume rises, Walmart announces stock buyback plan",1
Nvidia falls after disappointing subscriber growth before the market open,0
"In premarket trading, Shopify expands into new international markets",1
"Intel faces supply chain disruptions in key markets amid weaker consumer spending, supporting a bearish outlook",0
Pfizer faces legal challenges tied to recent acquisition in premarket trading,0
Nike reports decline in margins this quarter as recession fears weigh on outlook,0
"ExxonMobil warns of slowing sales growth, raising concerns across the sector",0
"In early trading, Meta announces major AI partnership",1
Qualcomm reports decline in international sales after rising costs hurt margins,0
"Mastercard beats analyst expectations on profit, sending shares higher",1
"ExxonMobil benefits from lower production costs, lifting investor sentiment",1
"Nvidia reports drop in advertising revenue amid weaker consumer spending, hurting investor sentiment",0
"JPMorgan shares jump after strong demand outlook driven by AI-related growth, supporting a bullish outlook",1
Ford reports decline in international sales while analysts cut price targets,0
"Walmart receives analyst upgrade after earnings beat as margins improve across core businesses, supporting a bullish outlook",1
"Adobe posts record cloud revenue growth, sending shares higher",1
Visa reports strong cash flow and higher guidance driven by AI-related growth,1
"Goldman Sachs raises full-year revenue guidance, lifting investor sentiment",1
"Meta reports surge in subscription growth as investor confidence improves, boosting confidence in the sector",1
"Netflix posts record cloud revenue growth after cost controls improve profitability, sending shares higher",1
"Qualcomm raises full-year revenue guidance driven by AI-related growth, supporting a bullish outlook",1
IBM benefits from lower production costs as demand rebounds across segments,1
"Apple falls after disappointing subscriber growth as macroeconomic pressure intensifies, sending shares lower",0
"Oracle beats analyst expectations on profit, supporting a bullish outlook",1
"In early trading, Visa beats analyst expectations on profit",1
Adobe issues cautious guidance for next quarter following disappointing management guidance,0
Oracle delays major product launch as recession fears weigh on outlook,0
Meta beats analyst expectations on profit in early trading,1
"Intel delays major product launch as demand weakens across major segments, raising concerns across the sector",0
"Goldman Sachs misses quarterly revenue expectations following disappointing management guidance, hurting investor sentiment",0
"Intel reports decline in international sales, hurting investor sentiment",0
Oracle reports strong cash flow and higher guidance in early trading,1
Salesforce lowers production targets for the year amid weaker consumer spending,0
"As trading volume rises, Shopify sees strong improvement in operating margin",1
"JPMorgan reports decline in international sales amid weaker consumer spending, supporting a bearish outlook",0
"During the morning session, Target announces layoffs amid restructuring concerns",0
"As trading volume rises, Tesla falls after disappointing subscriber growth",0
Oracle receives analyst downgrade after earnings miss amid uncertainty in the tech sector,0
Shopify gains after better-than-expected sales results after the closing bell,1
"After the closing bell, Shopify receives analyst downgrade after earnings miss",0
Target sees strong improvement in operating margin driven by AI-related growth,1
"Ford receives analyst upgrade after earnings beat as investor confidence improves, lifting investor sentiment",1
"Adobe posts weaker-than-expected earnings results, supporting a bearish outlook",0
Adobe issues cautious guidance for next quarter after rising costs hurt margins,0
"In premarket trading, Shopify shares fall after weak demand outlook",0
Nvidia issues cautious guidance for next quarter after rising costs hurt margins,0
AMD beats analyst expectations on profit driven by AI-related growth,1
Oracle faces supply chain disruptions in key markets in early trading,0
Pfizer wins large government contract driven by AI-related growth,1
"After the closing bell, Adobe sees strong improvement in operating margin",1
"Visa reports strong cash flow and higher guidance, lifting investor sentiment",1
"Qualcomm posts record cloud revenue growth as demand rebounds across segments, lifting investor sentiment",1
"In early trading, Mastercard shares jump after strong demand outlook",1
"Intel delivers upbeat forecast for next quarter as market sentiment turns positive, sending shares higher",1
"Microsoft benefits from lower production costs, supporting a bullish outlook",1
"Mastercard reports surge in subscription growth while analysts raise price targets, supporting a bullish outlook",1
"Tesla issues cautious guidance for next quarter, raising concerns across the sector",0
"After the closing bell, Mastercard lowers production targets for the year",0
"Walmart shares jump after strong demand outlook, boosting confidence in the sector",1
"Before the market open, Tesla issues cautious guidance for next quarter",0
"During the morning session, IBM faces regulatory investigation over business practices",0
"Intel reports surge in subscription growth, supporting a bullish outlook",1
"Adobe reports decline in margins this quarter as investors worry about slowing growth, supporting a bearish outlook",0
"Before the market open, Visa beats analyst expectations on profit",1
Qualcomm sees strong improvement in operating margin amid strong consumer demand,1
Boeing delivers upbeat forecast for next quarter as market sentiment turns positive,1
Adobe receives analyst upgrade after earnings beat during the morning session,1
Google faces supply chain disruptions in key markets in early trading,0
"Before the market open, Pfizer beats analyst expectations on profit",1
"IBM misses quarterly revenue expectations, raising concerns across the sector",0
"Oracle announces major AI partnership amid strong consumer demand, lifting investor sentiment",1
"Nvidia raises full-year revenue guidance, sending shares higher",1
Oracle shares fall after weak demand outlook as macroeconomic pressure intensifies,0
"Intel reports drop in advertising revenue, sending shares lower",0
Tesla faces legal challenges tied to recent acquisition amid uncertainty in the tech sector,0
"During the morning session, Adobe delays major product launch",0
"Salesforce reports surge in subscription growth, supporting a bullish outlook",1
Mastercard launches successful new product line before the market open,1
Boeing announces strategic acquisition to boost growth before the market open,1
"Qualcomm wins large government contract as market sentiment turns positive, boosting confidence in the sector",1
"Apple announces strategic acquisition to boost growth, lifting investor sentiment",1
"IBM shares fall after weak demand outlook due to soft demand in overseas markets, supporting a bearish outlook",0
"Walmart gains after better-than-expected sales results while analysts raise price targets, lifting investor sentiment",1
"AMD faces legal challenges tied to recent acquisition, hurting investor sentiment",0
"Amazon expands into new international markets as demand rebounds across segments, sending shares higher",1
"Nike reports decline in margins this quarter amid uncertainty in the tech sector, raising concerns across the sector",0
"Pfizer announces major AI partnership while analysts raise price targets, lifting investor sentiment",1
"Google announces strategic acquisition to boost growth on strong guidance for the second half, supporting a bullish outlook",1
"After the closing bell, Salesforce sees strong improvement in operating margin",1
"Walmart posts robust holiday quarter results, supporting a bullish outlook",1
"Before the market open, Nvidia launches successful new product line",1
"In premarket trading, Qualcomm cuts full-year profit forecast",0
ExxonMobil wins large government contract before the market open,1
"Nvidia sees rising costs pressure profitability as investors worry about slowing growth, raising concerns across the sector",0
"Adobe posts robust holiday quarter results, lifting investor sentiment",1
"Tesla faces supply chain disruptions in key markets amid uncertainty in the tech sector, supporting a bearish outlook",0
Visa reports drop in advertising revenue due to soft demand in overseas markets,0
Oracle expands into new international markets during the morning session,1
Airbnb delays major product launch as recession fears weigh on outlook,0
"As trading volume rises, Meta falls after disappointing subscriber growth",0
"Boeing reports strong cash flow and higher guidance after cost controls improve profitability, lifting investor sentiment",1
JPMorgan reports strong cash flow and higher guidance during the morning session,1
"During the morning session, Ford raises full-year revenue guidance",1
Apple launches successful new product line after cost controls improve profitability,1
Nvidia falls after disappointing subscriber growth in early trading,0
"Coca-Cola slumps after management cuts outlook due to soft demand in overseas markets, sending shares lower",0
"Nike cuts full-year profit forecast, sending shares lower",0
"In premarket trading, Mastercard posts robust holiday quarter results",1
Adobe posts weaker-than-expected earnings results before the market open,0
"Adobe falls after disappointing subscriber growth, sending shares lower",0
"Netflix issues cautious guidance for next quarter as macroeconomic pressure intensifies, raising concerns across the sector",0
Meta announces layoffs amid restructuring concerns in premarket trading,0
Pfizer shares jump after strong demand outlook as trading volume rises,1
"IBM sees strong improvement in operating margin, supporting a bullish outlook",1
"IBM shares jump after strong demand outlook as investor confidence improves, lifting investor sentiment",1
Uber raises full-year revenue guidance as margins improve across core businesses,1
"Airbnb misses delivery estimates for the quarter after rising costs hurt margins, sending shares lower",0
"In early trading, Visa posts record cloud revenue growth",1
"After the closing bell, IBM announces major AI partnership",1
"AMD faces supply chain disruptions in key markets while analysts cut price targets, sending shares lower",0
"In early trading, AMD beats analyst expectations on profit",1
"Ford delays major product launch as macroeconomic pressure intensifies, hurting investor sentiment",0
ExxonMobil reports surge in subscription growth as trading volume rises,1
"In early trading, Amazon announces stock buyback plan",1
"During the morning session, Amazon reports decline in margins this quarter",0
"Apple falls after disappointing subscriber growth as demand weakens across major segments, raising concerns across the sector",0
"Apple expands into new international markets, lifting investor sentiment",1
"Uber wins large government contract amid strong consumer demand, lifting investor sentiment",1
"Before the market open, Target shares fall after weak demand outlook",0
Pfizer announces stock buyback plan as demand rebounds across segments,1
"In early trading, IBM announces major AI partnership",1
"IBM lowers production targets for the year, sending shares lower",0
"Shopify posts robust holiday quarter results, lifting investor sentiment",1
"In early trading, Airbnb wins large government contract",1
"Before the market open, Intel reports strong cash flow and higher guidance",1
"During the morning session, Qualcomm reports stronger-than-expected quarterly earnings",1
Nvidia receives analyst downgrade after earnings miss amid uncertainty in the tech sector,0
"Uber cuts full-year profit forecast, hurting investor sentiment",0
Oracle beats analyst expectations on profit as trading volume rises,1
"In early trading, AMD misses delivery estimates for the quarter",0
"After the closing bell, Walmart warns of slowing sales growth",0
"Intel raises full-year revenue guidance, supporting a bullish outlook",1
"IBM reports surge in subscription growth driven by AI-related growth, boosting confidence in the sector",1
Salesforce reports drop in advertising revenue as demand weakens across major segments,0
"Adobe benefits from lower production costs, supporting a bullish outlook",1
"Nvidia wins large government contract, boosting confidence in the sector",1
"Shopify faces legal challenges tied to recent acquisition while analysts cut price targets, supporting a bearish outlook",0
Adobe announces major AI partnership as market sentiment turns positive,1
Walmart announces layoffs amid restructuring concerns as trading volume rises,0
"Meta reports decline in international sales, hurting investor sentiment",0
"After the closing bell, JPMorgan announces major AI partnership",1
"Meta announces strategic acquisition to boost growth amid strong consumer demand, sending shares higher",1
"Tesla misses delivery estimates for the quarter, hurting investor sentiment",0
Amazon reports stronger-than-expected quarterly earnings following upbeat management commentary,1
"Mastercard faces supply chain disruptions in key markets following disappointing management guidance, hurting investor sentiment",0
"In premarket trading, Oracle cuts full-year profit forecast",0
"In premarket trading, Uber misses delivery estimates for the quarter",0
"Goldman Sachs warns of slowing sales growth as recession fears weigh on outlook, raising concerns across the sector",0
"As trading volume rises, Netflix warns of slowing sales growth",0
Oracle benefits from lower production costs in premarket trading,1
"In early trading, Target sees rising costs pressure profitability",0
Shopify warns of slowing sales growth in premarket trading,0
Airbnb misses quarterly revenue expectations after the closing bell,0
"Pfizer posts robust holiday quarter results as investor confidence improves, boosting confidence in the sector",1
"During the morning session, Intel reports surge in subscription growth",1
"Airbnb warns of slowing sales growth while analysts cut price targets, raising concerns across the sector",0
"Adobe reports stronger-than-expected quarterly earnings as demand rebounds across segments, boosting confidence in the sector",1
"Target falls after disappointing subscriber growth following disappointing management guidance, supporting a bearish outlook",0
"Boeing receives analyst downgrade after earnings miss amid weaker consumer spending, supporting a bearish outlook",0
"AMD announces layoffs amid restructuring concerns, supporting a bearish outlook",0
Salesforce warns of slowing sales growth amid uncertainty in the tech sector,0
"As trading volume rises, Google receives analyst upgrade after earnings beat",1
Goldman Sachs reports stronger-than-expected quarterly earnings after the closing bell,1
"Before the market open, Pfizer cuts full-year profit forecast",0
"Mastercard reports stronger-than-expected quarterly earnings amid strong consumer demand, boosting confidence in the sector",1
"Google receives analyst downgrade after earnings miss, sending shares lower",0
"In early trading, IBM posts robust holiday quarter results",1
"Before the market open, Meta posts record cloud revenue growth",1
"Pfizer sees strong improvement in operating margin, supporting a bullish outlook",1
"Ford lowers production targets for the year as investors worry about slowing growth, hurting investor sentiment",0
Mastercard wins large government contract in premarket trading,1
"Salesforce shares fall after weak demand outlook amid weaker consumer spending, supporting a bearish outlook",0
IBM reports surge in subscription growth after cost controls improve profitability,1
Amazon misses quarterly revenue expectations while analysts cut price targets,0
"Apple reports decline in margins this quarter while analysts cut price targets, raising concerns across the sector",0
"Coca-Cola announces strategic acquisition to boost growth as market sentiment turns positive, lifting investor sentiment",1
"Boeing issues cautious guidance for next quarter as investors worry about slowing growth, supporting a bearish outlook",0
Meta delays major product launch as demand weakens across major segments,0
"AMD lowers production targets for the year as demand weakens across major segments, hurting investor sentiment",0
Target announces stock buyback plan as margins improve across core businesses,1
"During the morning session, Meta shares jump after strong demand outlook",1
"Walmart announces layoffs amid restructuring concerns while analysts cut price targets, raising concerns across the sector",0
"Ford cuts full-year profit forecast, raising concerns across the sector",0
"Salesforce announces strategic acquisition to boost growth, lifting investor sentiment",1
Pfizer raises full-year revenue guidance after cost controls improve profitability,1
Amazon delays major product launch as macroeconomic pressure intensifies,0
"During the morning session, Nike sees strong improvement in operating margin",1
"Oracle posts robust holiday quarter results, lifting investor sentiment",1
Walmart reports decline in margins this quarter in premarket trading,0
ExxonMobil receives analyst downgrade after earnings miss due to soft demand in overseas markets,0
AMD raises full-year revenue guidance following upbeat management commentary,1
"Salesforce reports decline in margins this quarter, supporting a bearish outlook",0
"Nike faces supply chain disruptions in key markets, hurting investor sentiment",0
Salesforce faces supply chain disruptions in key markets before the market open,0
"In early trading, Apple slumps after management cuts outlook",0
Tesla reports surge in subscription growth after cost controls improve profitability,1
"Before the market open, Mastercard delivers upbeat forecast for next quarter",1
Apple faces supply chain disruptions in key markets as investors worry about slowing growth,0
Mastercard lowers production targets for the year amid uncertainty in the tech sector,0
"During the morning session, Netflix beats analyst expectations on profit",1
"Amazon shares jump after strong demand outlook on strong guidance for the second half, boosting confidence in the sector",1
Oracle reports decline in international sales as investors worry about slowing growth,0
Boeing misses delivery estimates for the quarter amid weaker consumer spending,0
"Microsoft announces strategic acquisition to boost growth following upbeat management commentary, supporting a bullish outlook",1
"JPMorgan announces layoffs amid restructuring concerns, hurting investor sentiment",0
"Target faces legal challenges tied to recent acquisition, sending shares lower",0
Visa gains after better-than-expected sales results driven by AI-related growth,1
"JPMorgan reports strong cash flow and higher guidance, supporting a bullish outlook",1
"Qualcomm wins large government contract as margins improve across core businesses, lifting investor sentiment",1
Intel issues cautious guidance for next quarter while analysts cut price targets,0
"In early trading, Target launches successful new product line",1
Goldman Sachs shares fall after weak demand outlook as demand weakens across major segments,0
Walmart lowers production targets for the year as recession fears weigh on outlook,0
"Before the market open, Adobe reports decline in international sales",0
"Ford sees rising costs pressure profitability as demand weakens across major segments, raising concerns across the sector",0
"ExxonMobil slumps after management cuts outlook after rising costs hurt margins, supporting a bearish outlook",0
"Goldman Sachs announces stock buyback plan as margins improve across core businesses, sending shares higher",1
"Boeing lowers production targets for the year, hurting investor sentiment",0
"Oracle announces major AI partnership following upbeat management commentary, lifting investor sentiment",1
Nike cuts full-year profit forecast as investors worry about slowing growth,0
"As trading volume rises, Goldman Sachs warns of slowing sales growth",0
"Target benefits from lower production costs as demand rebounds across segments, sending shares higher",1
"Target receives analyst downgrade after earnings miss while analysts cut price targets, raising concerns across the sector",0
"In early trading, IBM launches successful new product line",1
"Oracle receives analyst upgrade after earnings beat, lifting investor sentiment",1
Amazon posts record cloud revenue growth as trading volume rises,1
"Apple faces regulatory investigation over business practices as recession fears weigh on outlook, supporting a bearish outlook",0
"Nike sees rising costs pressure profitability, sending shares lower",0
"Nvidia slumps after management cuts outlook, supporting a bearish outlook",0
Salesforce receives analyst downgrade after earnings miss as recession fears weigh on outlook,0
Target lowers production targets for the year as trading volume rises,0
Visa rallies after management issues optimistic outlook as demand rebounds across segments,1
"Before the market open, Goldman Sachs lowers production targets for the year",0
"Pfizer shares fall after weak demand outlook amid uncertainty in the tech sector, raising concerns across the sector",0
Coca-Cola expands into new international markets as trading volume rises,1
Apple faces legal challenges tied to recent acquisition following disappointing management guidance,0
"Adobe launches successful new product line as margins improve across core businesses, sending shares higher",1
"During the morning session, Amazon announces major AI partnership",1
"In early trading, Mastercard announces stock buyback plan",1
Target warns of slowing sales growth as demand weakens across major segments,0
"Boeing beats analyst expectations on profit, boosting confidence in the sector",1
Boeing cuts full-year profit forecast while analysts cut price targets,0
"Before the market open, Goldman Sachs reports decline in international sales",0
"Adobe beats analyst expectations on profit as demand rebounds across segments, lifting investor sentiment",1
"Intel rallies after management issues optimistic outlook, boosting confidence in the sector",1
Adobe shares fall after weak demand outlook before the market open,0
"Coca-Cola reports surge in subscription growth after cost controls improve profitability, sending shares higher",1
"Amazon misses delivery estimates for the quarter, sending shares lower",0
"Nvidia announces major AI partnership driven by AI-related growth, boosting confidence in the sector",1
"Boeing slumps after management cuts outlook while analysts cut price targets, raising concerns across the sector",0
Qualcomm issues cautious guidance for next quarter as demand weakens across major segments,0
"Nike announces stock buyback plan while analysts raise price targets, lifting investor sentiment",1
Intel falls after disappointing subscriber growth after the closing bell,0
"Target delivers upbeat forecast for next quarter following upbeat management commentary, sending shares higher",1
Netflix expands into new international markets while analysts raise price targets,1
"In premarket trading, ExxonMobil cuts full-year profit forecast",0
Google receives analyst downgrade after earnings miss after the closing bell,0
"AMD slumps after management cuts outlook as recession fears weigh on outlook, hurting investor sentiment",0
"Target launches successful new product line as investor confidence improves, sending shares higher",1
Salesforce reports drop in advertising revenue amid weaker consumer spending,0
Netflix reports strong cash flow and higher guidance as margins improve across core businesses,1
Google announces strategic acquisition to boost growth as market sentiment turns positive,1
"Uber announces strategic acquisition to boost growth, boosting confidence in the sector",1
"Qualcomm reports decline in margins this quarter, sending shares lower",0
"Nike shares fall after weak demand outlook while analysts cut price targets, hurting investor sentiment",0
Intel reports decline in international sales amid uncertainty in the tech sector,0
"Coca-Cola falls after disappointing subscriber growth as demand weakens across major segments, hurting investor sentiment",0
Qualcomm announces stock buyback plan amid strong consumer demand,1
Salesforce announces strategic acquisition to boost growth after the closing bell,1
"Meta gains after better-than-expected sales results after cost controls improve profitability, lifting investor sentiment",1
"Uber slumps after management cuts outlook, supporting a bearish outlook",0
Microsoft beats analyst expectations on profit after the closing bell,1
"Visa warns of slowing sales growth amid uncertainty in the tech sector, sending shares lower",0
"After the closing bell, Tesla raises full-year revenue guidance",1
IBM announces strategic acquisition to boost growth following upbeat management commentary,1
"Google announces layoffs amid restructuring concerns, sending shares lower",0
"Mastercard shares fall after weak demand outlook, raising concerns across the sector",0
Netflix misses quarterly revenue expectations in premarket trading,0
AMD slumps after management cuts outlook amid uncertainty in the tech sector,0
"JPMorgan announces stock buyback plan, sending shares higher",1
"During the morning session, Qualcomm cuts full-year profit forecast",0
"Target wins large government contract as demand rebounds across segments, sending shares higher",1
Nvidia reports surge in subscription growth following upbeat management commentary,1
Uber shares jump after strong demand outlook in premarket trading,1
Salesforce raises full-year revenue guidance as margins improve across core businesses,1
"Apple raises full-year revenue guidance following upbeat management commentary, sending shares higher",1
"Before the market open, Mastercard receives analyst downgrade after earnings miss",0
Google announces layoffs amid restructuring concerns before the market open,0
Nike lowers production targets for the year in premarket trading,0
Boeing warns of slowing sales growth in premarket trading,0
Google posts weaker-than-expected earnings results in early trading,0
"Goldman Sachs reports surge in subscription growth, lifting investor sentiment",1
Mastercard delivers upbeat forecast for next quarter amid strong consumer demand,1
"JPMorgan posts robust holiday quarter results, boosting confidence in the sector",1
"After the closing bell, ExxonMobil faces legal challenges tied to recent acquisition",0
"In early trading, Ford sees rising costs pressure profitability",0
Uber lowers production targets for the year as trading volume rises,0
"Netflix beats analyst expectations on profit as demand rebounds across segments, lifting investor sentiment",1
"Before the market open, Nike reports decline in margins this quarter",0
"Qualcomm launches successful new product line as demand rebounds across segments, sending shares higher",1
Amazon shares fall after weak demand outlook while analysts cut price targets,0
"Target lowers production targets for the year as investors worry about slowing growth, hurting investor sentiment",0
"As trading volume rises, Boeing announces stock buyback plan",1
Google sees strong improvement in operating margin following upbeat management commentary,1
"Tesla reports surge in subscription growth, boosting confidence in the sector",1
Tesla gains after better-than-expected sales results as trading volume rises,1
"During the morning session, Walmart expands into new international markets",1
Visa reports decline in international sales as investors worry about slowing growth,0
"In early trading, Airbnb misses quarterly revenue expectations",0
"Before the market open, Pfizer lowers production targets for the year",0
Uber reports stronger-than-expected quarterly earnings after cost controls improve profitability,1
IBM expands into new international markets amid strong consumer demand,1
Coca-Cola cuts full-year profit forecast during the morning session,0
"Before the market open, Intel slumps after management cuts outlook",0
Target reports decline in international sales as investors worry about slowing growth,0
"Airbnb faces legal challenges tied to recent acquisition, hurting investor sentiment",0
Goldman Sachs slumps after management cuts outlook before the market open,0
"In early trading, Pfizer reports decline in margins this quarter",0
Adobe announces layoffs amid restructuring concerns as macroeconomic pressure intensifies,0
Salesforce reports stronger-than-expected quarterly earnings driven by AI-related growth,1
"Intel rallies after management issues optimistic outlook as margins improve across core businesses, lifting investor sentiment",1
Apple reports strong cash flow and higher guidance while analysts raise price targets,1
"Nvidia announces major AI partnership driven by AI-related growth, supporting a bullish outlook",1
"As trading volume rises, Shopify posts record cloud revenue growth",1
Ford launches successful new product line on strong guidance for the second half,1
Walmart announces strategic acquisition to boost growth as demand rebounds across segments,1
Shopify reports strong cash flow and higher guidance during the morning session,1
"Walmart reports decline in margins this quarter due to soft demand in overseas markets, sending shares lower",0
Qualcomm sees rising costs pressure profitability amid uncertainty in the tech sector,0
"Nvidia faces regulatory investigation over business practices due to soft demand in overseas markets, supporting a bearish outlook",0
"Tesla receives analyst downgrade after earnings miss following disappointing management guidance, supporting a bearish outlook",0
"Before the market open, Walmart beats analyst expectations on profit",1
"After the closing bell, Adobe reports strong cash flow and higher guidance",1
Uber warns of slowing sales growth after the closing bell,0
"Meta falls after disappointing subscriber growth, raising concerns across the sector",0
"As trading volume rises, Oracle lowers production targets for the year",0
"Tesla delivers upbeat forecast for next quarter driven by AI-related growth, boosting confidence in the sector",1
"Qualcomm raises full-year revenue guidance, sending shares higher",1
Meta posts record cloud revenue growth after cost controls improve profitability,1
"Target lowers production targets for the year amid uncertainty in the tech sector, raising concerns across the sector",0
"Meta faces supply chain disruptions in key markets, supporting a bearish outlook",0
"Before the market open, Adobe receives analyst downgrade after earnings miss",0
"Tesla posts robust holiday quarter results, boosting confidence in the sector",1
"Ford delivers upbeat forecast for next quarter, supporting a bullish outlook",1
"Goldman Sachs posts weaker-than-expected earnings results amid uncertainty in the tech sector, supporting a bearish outlook",0
"In early trading, Mastercard gains after better-than-expected sales results",1
"Airbnb reports strong cash flow and higher guidance, lifting investor sentiment",1
"During the morning session, Shopify announces stock buyback plan",1
Visa warns of slowing sales growth as demand weakens across major segments,0
"After the closing bell, IBM expands into new international markets",1
"During the morning session, Nvidia announces strategic acquisition to boost growth",1
Uber sees rising costs pressure profitability in premarket trading,0
Nvidia warns of slowing sales growth after the closing bell,0
"Ford expands into new international markets, boosting confidence in the sector",1
Mastercard reports stronger-than-expected quarterly earnings before the market open,1
Goldman Sachs reports surge in subscription growth as demand rebounds across segments,1
"Google slumps after management cuts outlook, raising concerns across the sector",0
"Uber posts weaker-than-expected earnings results, raising concerns across the sector",0
"Microsoft sees strong improvement in operating margin as investor confidence improves, supporting a bullish outlook",1
"Salesforce issues cautious guidance for next quarter following disappointing management guidance, sending shares lower",0
Mastercard wins large government contract before the market open,1
"Goldman Sachs reports decline in international sales, raising concerns across the sector",0
"During the morning session, Goldman Sachs falls after disappointing subscriber growth",0
"Uber faces regulatory investigation over business practices amid weaker consumer spending, sending shares lower",0
"During the morning session, ExxonMobil raises full-year revenue guidance",1
"Amazon posts record cloud revenue growth following upbeat management commentary, lifting investor sentiment",1
Pfizer posts record cloud revenue growth as trading volume rises,1
JPMorgan expands into new international markets as trading volume rises,1
Target rallies after management issues optimistic outlook in premarket trading,1
"Google receives analyst downgrade after earnings miss after rising costs hurt margins, supporting a bearish outlook",0
"Adobe wins large government contract, supporting a bullish outlook",1
"JPMorgan reports decline in international sales while analysts cut price targets, sending shares lower",0
"Walmart receives analyst downgrade after earnings miss amid weaker consumer spending, supporting a bearish outlook",0
"Pfizer reports surge in subscription growth, lifting investor sentiment",1
Google delays major product launch after the closing bell,0
Meta delivers upbeat forecast for next quarter after cost controls improve profitability,1
"Goldman Sachs reports drop in advertising revenue, raising concerns across the sector",0
"As trading volume rises, Coca-Cola faces regulatory investigation over business practices",0
AMD beats analyst expectations on profit in early trading,1
"Visa posts robust holiday quarter results as investor confidence improves, boosting confidence in the sector",1
"Netflix delays major product launch, supporting a bearish outlook",0
"In premarket trading, Oracle reports drop in advertising revenue",0
"During the morning session, Qualcomm shares jump after strong demand outlook",1
"Ford reports decline in margins this quarter, hurting investor sentiment",0
Ford announces stock buyback plan in premarket trading,1
"Amazon delays major product launch amid uncertainty in the tech sector, sending shares lower",0
AMD gains after better-than-expected sales results as investor confidence improves,1
"Google warns of slowing sales growth as macroeconomic pressure intensifies, raising concerns across the sector",0
"As trading volume rises, Nike warns of slowing sales growth",0
"Meta announces major AI partnership, lifting investor sentiment",1
"In premarket trading, Pfizer rallies after management issues optimistic outlook",1
"Shopify expands into new international markets as demand rebounds across segments, supporting a bullish outlook",1
"Tesla slumps after management cuts outlook as investors worry about slowing growth, sending shares lower",0
"Before the market open, Oracle delivers upbeat forecast for next quarter",1
"Goldman Sachs reports surge in subscription growth while analysts raise price targets, supporting a bullish outlook",1
Shopify rallies after management issues optimistic outlook as market sentiment turns positive,1
"As trading volume rises, Amazon sees strong improvement in operating margin",1
"In premarket trading, Walmart falls after disappointing subscriber growth",0
"Oracle issues cautious guidance for next quarter amid weaker consumer spending, raising concerns across the sector",0
"Adobe misses delivery estimates for the quarter while analysts cut price targets, hurting investor sentiment",0
"Visa posts weaker-than-expected earnings results, raising concerns across the sector",0
Shopify gains after better-than-expected sales results following upbeat management commentary,1
Goldman Sachs lowers production targets for the year following disappointing management guidance,0
"Uber cuts full-year profit forecast, raising concerns across the sector",0
Nike lowers production targets for the year during the morning session,0
"Microsoft delivers upbeat forecast for next quarter as margins improve across core businesses, sending shares higher",1
Target reports decline in margins this quarter as macroeconomic pressure intensifies,0
Salesforce reports decline in margins this quarter as investors worry about slowing growth,0
"Mastercard shares jump after strong demand outlook, lifting investor sentiment",1
"Salesforce announces layoffs amid restructuring concerns while analysts cut price targets, supporting a bearish outlook",0
Ford reports drop in advertising revenue as demand weakens across major segments,0
"Amazon faces regulatory investigation over business practices, hurting investor sentiment",0
Apple rallies after management issues optimistic outlook amid strong consumer demand,1
Tesla sees strong improvement in operating margin as market sentiment turns positive,1
"Nvidia rallies after management issues optimistic outlook after cost controls improve profitability, supporting a bullish outlook",1
"Intel lowers production targets for the year due to soft demand in overseas markets, hurting investor sentiment",0
"Qualcomm launches successful new product line as demand rebounds across segments, lifting investor sentiment",1
"Ford receives analyst upgrade after earnings beat, supporting a bullish outlook",1
"Pfizer falls after disappointing subscriber growth as investors worry about slowing growth, hurting investor sentiment",0
"Target slumps after management cuts outlook amid uncertainty in the tech sector, hurting investor sentiment",0
"AMD slumps after management cuts outlook amid weaker consumer spending, raising concerns across the sector",0
"Amazon announces stock buyback plan, lifting investor sentiment",1
"Pfizer sees strong improvement in operating margin after cost controls improve profitability, supporting a bullish outlook",1
"Boeing falls after disappointing subscriber growth, supporting a bearish outlook",0
Google shares fall after weak demand outlook as recession fears weigh on outlook,0
Goldman Sachs announces layoffs amid restructuring concerns as investors worry about slowing growth,0
"After the closing bell, Goldman Sachs announces strategic acquisition to boost growth",1
Shopify announces stock buyback plan in premarket trading,1
"During the morning session, Mastercard wins large government contract",1
Target misses quarterly revenue expectations amid weaker consumer spending,0
"In premarket trading, Meta faces supply chain disruptions in key markets",0
"As trading volume rises, Airbnb wins large government contract",1
Mastercard shares jump after strong demand outlook as margins improve across core businesses,1
Goldman Sachs posts weaker-than-expected earnings results as demand weakens across major segments,0
Mastercard posts robust holiday quarter results as trading volume rises,1
"Mastercard announces strategic acquisition to boost growth while analysts raise price targets, boosting confidence in the sector",1
Tesla benefits from lower production costs as demand rebounds across segments,1
Nvidia raises full-year revenue guidance in early trading,1
ExxonMobil shares fall after weak demand outlook during the morning session,0
"Ford announces layoffs amid restructuring concerns, raising concerns across the sector",0
"Mastercard faces legal challenges tied to recent acquisition as investors worry about slowing growth, supporting a bearish outlook",0
Boeing posts robust holiday quarter results as demand rebounds across segments,1
Qualcomm delays major product launch amid uncertainty in the tech sector,0
IBM issues cautious guidance for next quarter after the closing bell,0
"In early trading, Shopify shares fall after weak demand outlook",0
"In premarket trading, Microsoft shares jump after strong demand outlook",1
Qualcomm slumps after management cuts outlook due to soft demand in overseas markets,0
Boeing wins large government contract as demand rebounds across segments,1
Walmart shares fall after weak demand outlook after the closing bell,0
"In premarket trading, IBM reports drop in advertising revenue",0
"Before the market open, Amazon shares jump after strong demand outlook",1
Boeing warns of slowing sales growth during the morning session,0
"Shopify delays major product launch amid uncertainty in the tech sector, hurting investor sentiment",0
"ExxonMobil posts robust holiday quarter results, supporting a bullish outlook",1
"Oracle cuts full-year profit forecast, raising concerns across the sector",0
ExxonMobil cuts full-year profit forecast in premarket trading,0
Coca-Cola slumps after management cuts outlook as demand weakens across major segments,0
"Before the market open, Coca-Cola reports drop in advertising revenue",0
Salesforce announces stock buyback plan in premarket trading,1
"Apple misses delivery estimates for the quarter, supporting a bearish outlook",0
"JPMorgan benefits from lower production costs, supporting a bullish outlook",1
Boeing sees strong improvement in operating margin as margins improve across core businesses,1
JPMorgan reports decline in international sales as recession fears weigh on outlook,0
"Target cuts full-year profit forecast amid uncertainty in the tech sector, sending shares lower",0
Adobe announces strategic acquisition to boost growth in early trading,1
Microsoft raises full-year revenue guidance as margins improve across core businesses,1
"As trading volume rises, Coca-Cola lowers production targets for the year",0
"Walmart raises full-year revenue guidance as market sentiment turns positive, boosting confidence in the sector",1
Salesforce reports decline in margins this quarter before the market open,0
"Coca-Cola reports decline in margins this quarter, supporting a bearish outlook",0
"Pfizer falls after disappointing subscriber growth, raising concerns across the sector",0
Shopify rallies after management issues optimistic outlook as margins improve across core businesses,1
Salesforce cuts full-year profit forecast while analysts cut price targets,0
Target raises full-year revenue guidance while analysts raise price targets,1
"Pfizer beats analyst expectations on profit, supporting a bullish outlook",1
"During the morning session, ExxonMobil receives analyst upgrade after earnings beat",1
"Nike rallies after management issues optimistic outlook, supporting a bullish outlook",1
Boeing delivers upbeat forecast for next quarter after the closing bell,1
Oracle rallies after management issues optimistic outlook as margins improve across core businesses,1
Uber wins large government contract as margins improve across core businesses,1
"Oracle lowers production targets for the year, supporting a bearish outlook",0
Google faces legal challenges tied to recent acquisition due to soft demand in overseas markets,0
Oracle issues cautious guidance for next quarter amid uncertainty in the tech sector,0
"In premarket trading, IBM rallies after management issues optimistic outlook",1
"Netflix warns of slowing sales growth, hurting investor sentiment",0
Adobe sees strong improvement in operating margin in early trading,1
Google rallies after management issues optimistic outlook as trading volume rises,1
"Visa slumps after management cuts outlook, sending shares lower",0
"Coca-Cola delays major product launch amid weaker consumer spending, hurting investor sentiment",0
"After the closing bell, JPMorgan expands into new international markets",1
"IBM reports decline in international sales, sending shares lower",0
Mastercard gains after better-than-expected sales results amid strong consumer demand,1
"After the closing bell, Pfizer posts record cloud revenue growth",1
"Salesforce delivers upbeat forecast for next quarter as market sentiment turns positive, sending shares higher",1
Tesla posts weaker-than-expected earnings results in early trading,0
"Boeing faces regulatory investigation over business practices, hurting investor sentiment",0
Oracle receives analyst upgrade after earnings beat as trading volume rises,1
"Coca-Cola announces major AI partnership, boosting confidence in the sector",1
Meta posts robust holiday quarter results in premarket trading,1
Meta reports decline in international sales as demand weakens across major segments,0
Oracle posts robust holiday quarter results as trading volume rises,1
Apple posts robust holiday quarter results before the market open,1
Apple posts weaker-than-expected earnings results after the closing bell,0
Netflix faces regulatory investigation over business practices in early trading,0
"In early trading, Goldman Sachs issues cautious guidance for next quarter",0
"Salesforce posts weaker-than-expected earnings results following disappointing management guidance, raising concerns across the sector",0
"Walmart reports surge in subscription growth as margins improve across core businesses, lifting investor sentiment",1
IBM sees rising costs pressure profitability due to soft demand in overseas markets,0
"JPMorgan reports drop in advertising revenue, sending shares lower",0
Apple delays major product launch as demand weakens across major segments,0
Tesla faces legal challenges tied to recent acquisition during the morning session,0
"Goldman Sachs launches successful new product line driven by AI-related growth, boosting confidence in the sector",1
"During the morning session, Airbnb receives analyst upgrade after earnings beat",1
Netflix gains after better-than-expected sales results as margins improve across core businesses,1
"Before the market open, Shopify wins large government contract",1
"Netflix posts weaker-than-expected earnings results following disappointing management guidance, raising concerns across the sector",0
"As trading volume rises, IBM sees rising costs pressure profitability",0
"Coca-Cola faces legal challenges tied to recent acquisition, raising concerns across the sector",0
"Oracle reports strong cash flow and higher guidance driven by AI-related growth, lifting investor sentiment",1
"In premarket trading, Mastercard delays major product launch",0
Nike announces stock buyback plan as market sentiment turns positive,1
"Intel reports stronger-than-expected quarterly earnings, sending shares higher",1
"During the morning session, Goldman Sachs reports decline in margins this quarter",0
Visa reports decline in margins this quarter during the morning session,0
Intel announces major AI partnership in premarket trading,1
Oracle reports decline in international sales in premarket trading,0
"Mastercard reports decline in margins this quarter, sending shares lower",0
Tesla shares jump after strong demand outlook as margins improve across core businesses,1
ExxonMobil sees strong improvement in operating margin as investor confidence improves,1
Coca-Cola falls after disappointing subscriber growth following disappointing management guidance,0
"In premarket trading, Nvidia warns of slowing sales growth",0
Tesla reports drop in advertising revenue in premarket trading,0
"As trading volume rises, Uber issues cautious guidance for next quarter",0
IBM reports decline in international sales in early trading,0
"Tesla benefits from lower production costs, sending shares higher",1
"In early trading, Salesforce posts record cloud revenue growth",1
Microsoft announces strategic acquisition to boost growth as market sentiment turns positive,1
"Mastercard announces strategic acquisition to boost growth, lifting investor sentiment",1
"After the closing bell, Adobe launches successful new product line",1
"In early trading, Google shares fall after weak demand outlook",0
Salesforce announces strategic acquisition to boost growth as market sentiment turns positive,1
Tesla announces strategic acquisition to boost growth after the closing bell,1
"Intel rallies after management issues optimistic outlook following upbeat management commentary, sending shares higher",1
"In premarket trading, Nike falls after disappointing subscriber growth",0
"In early trading, Amazon gains after better-than-expected sales results",1
"Mastercard warns of slowing sales growth, sending shares lower",0
AMD sees rising costs pressure profitability following disappointing management guidance,0
Visa rallies after management issues optimistic outlook as trading volume rises,1
"As trading volume rises, Uber receives analyst downgrade after earnings miss",0
"Target gains after better-than-expected sales results, sending shares higher",1
Apple lowers production targets for the year before the market open,0
"Meta sees rising costs pressure profitability as demand weakens across major segments, sending shares lower",0
"Ford posts weaker-than-expected earnings results as demand weakens across major segments, hurting investor sentiment",0
"Adobe faces regulatory investigation over business practices, raising concerns across the sector",0
Goldman Sachs posts weaker-than-expected earnings results after rising costs hurt margins,0
"Oracle shares fall after weak demand outlook, hurting investor sentiment",0
Coca-Cola receives analyst downgrade after earnings miss after rising costs hurt margins,0
Coca-Cola announces stock buyback plan after cost controls improve profitability,1
"ExxonMobil slumps after management cuts outlook, sending shares lower",0
"Amazon slumps after management cuts outlook amid uncertainty in the tech sector, sending shares lower",0
"Goldman Sachs faces legal challenges tied to recent acquisition amid weaker consumer spending, raising concerns across the sector",0
"Target reports decline in margins this quarter, raising concerns across the sector",0
"During the morning session, Apple reports decline in international sales",0
"Boeing delays major product launch while analysts cut price targets, raising concerns across the sector",0
"Amazon reports strong cash flow and higher guidance, lifting investor sentiment",1
"In premarket trading, Pfizer misses quarterly revenue expectations",0
"Intel announces major AI partnership, lifting investor sentiment",1
"Adobe shares fall after weak demand outlook as demand weakens across major segments, hurting investor sentiment",0
"In premarket trading, Tesla receives analyst downgrade after earnings miss",0
"Nvidia announces layoffs amid restructuring concerns due to soft demand in overseas markets, raising concerns across the sector",0
"In premarket trading, Mastercard gains after better-than-expected sales results",1
"In early trading, Nvidia posts record cloud revenue growth",1
Nike issues cautious guidance for next quarter during the morning session,0
"Walmart issues cautious guidance for next quarter as recession fears weigh on outlook, supporting a bearish outlook",0
"Tesla gains after better-than-expected sales results, boosting confidence in the sector",1
"IBM wins large government contract as market sentiment turns positive, lifting investor sentiment",1
AMD expands into new international markets after cost controls improve profitability,1
Uber misses quarterly revenue expectations as investors worry about slowing growth,0
Goldman Sachs posts record cloud revenue growth as margins improve across core businesses,1
"Microsoft posts weaker-than-expected earnings results following disappointing management guidance, hurting investor sentiment",0
"After the closing bell, Coca-Cola announces layoffs amid restructuring concerns",0
"Nvidia cuts full-year profit forecast amid weaker consumer spending, supporting a bearish outlook",0
"In early trading, Uber beats analyst expectations on profit",1
"Before the market open, Airbnb reports decline in international sales",0
Airbnb misses delivery estimates for the quarter as recession fears weigh on outlook,0
Visa warns of slowing sales growth before the market open,0
"Qualcomm shares jump after strong demand outlook, supporting a bullish outlook",1
"Apple posts robust holiday quarter results after cost controls improve profitability, lifting investor sentiment",1
"Salesforce lowers production targets for the year after rising costs hurt margins, hurting investor sentiment",0
"After the closing bell, Apple issues cautious guidance for next quarter",0
Uber sees rising costs pressure profitability as recession fears weigh on outlook,0
"During the morning session, Nvidia misses quarterly revenue expectations",0
"Intel faces regulatory investigation over business practices, hurting investor sentiment",0
Qualcomm shares jump after strong demand outlook amid strong consumer demand,1
Oracle expands into new international markets in premarket trading,1
Apple reports decline in international sales as demand weakens across major segments,0
ExxonMobil launches successful new product line after the closing bell,1
"Airbnb faces regulatory investigation over business practices, sending shares lower",0
Netflix benefits from lower production costs as market sentiment turns positive,1
Uber reports surge in subscription growth after cost controls improve profitability,1
"Google launches successful new product line, boosting confidence in the sector",1
"After the closing bell, ExxonMobil misses delivery estimates for the quarter",0
"Netflix faces legal challenges tied to recent acquisition as macroeconomic pressure intensifies, raising concerns across the sector",0
"In premarket trading, Oracle shares jump after strong demand outlook",1
"JPMorgan issues cautious guidance for next quarter as investors worry about slowing growth, raising concerns across the sector",0
"JPMorgan benefits from lower production costs, lifting investor sentiment",1
Target faces supply chain disruptions in key markets as trading volume rises,0
Tesla sees rising costs pressure profitability before the market open,0
Airbnb rallies after management issues optimistic outlook in premarket trading,1
"Oracle announces stock buyback plan following upbeat management commentary, sending shares higher",1
Mastercard reports decline in margins this quarter due to soft demand in overseas markets,0
"Before the market open, Adobe faces supply chain disruptions in key markets",0
Boeing shares jump after strong demand outlook driven by AI-related growth,1
Google delivers upbeat forecast for next quarter as demand rebounds across segments,1
Adobe misses delivery estimates for the quarter during the morning session,0
Amazon beats analyst expectations on profit as demand rebounds across segments,1
Shopify announces layoffs amid restructuring concerns before the market open,0
"After the closing bell, Qualcomm posts weaker-than-expected earnings results",0
Coca-Cola gains after better-than-expected sales results while analysts raise price targets,1
Oracle raises full-year revenue guidance driven by AI-related growth,1
"Shopify gains after better-than-expected sales results as investor confidence improves, sending shares higher",1
"In early trading, Ford cuts full-year profit forecast",0
"In early trading, Mastercard reports surge in subscription growth",1
"IBM posts weaker-than-expected earnings results, sending shares lower",0
"Nvidia rallies after management issues optimistic outlook, supporting a bullish outlook",1
"Tesla wins large government contract as demand rebounds across segments, sending shares higher",1
Qualcomm sees rising costs pressure profitability during the morning session,0
Ford wins large government contract after the closing bell,1
"Walmart gains after better-than-expected sales results, supporting a bullish outlook",1
Nvidia shares fall after weak demand outlook during the morning session,0
"In premarket trading, Meta launches successful new product line",1
Pfizer misses delivery estimates for the quarter in early trading,0
"Before the market open, Salesforce announces major AI partnership",1
Pfizer reports drop in advertising revenue in premarket trading,0
"Apple misses quarterly revenue expectations as macroeconomic pressure intensifies, raising concerns across the sector",0
"IBM faces legal challenges tied to recent acquisition, hurting investor sentiment",0
Google reports strong cash flow and higher guidance in premarket trading,1
Meta announces layoffs amid restructuring concerns in early trading,0
"Tesla slumps after management cuts outlook as recession fears weigh on outlook, supporting a bearish outlook",0
Google announces major AI partnership before the market open,1
"In early trading, AMD wins large government contract",1
"As trading volume rises, Netflix shares jump after strong demand outlook",1
Coca-Cola reports stronger-than-expected quarterly earnings in early trading,1
AMD gains after better-than-expected sales results before the market open,1
Oracle cuts full-year profit forecast as demand weakens across major segments,0
"Before the market open, IBM reports decline in international sales",0
"IBM shares fall after weak demand outlook, sending shares lower",0
"Google delays major product launch, sending shares lower",0
IBM falls after disappointing subscriber growth before the market open,0
"Ford wins large government contract while analysts raise price targets, boosting confidence in the sector",1
"Goldman Sachs warns of slowing sales growth as investors worry about slowing growth, hurting investor sentiment",0
"Visa sees rising costs pressure profitability as investors worry about slowing growth, supporting a bearish outlook",0
"Before the market open, Walmart lowers production targets for the year",0
"Pfizer receives analyst upgrade after earnings beat, supporting a bullish outlook",1
JPMorgan receives analyst downgrade after earnings miss amid uncertainty in the tech sector,0
"After the closing bell, AMD falls after disappointing subscriber growth",0
Tesla delays major product launch in early trading,0
Goldman Sachs announces strategic acquisition to boost growth as market sentiment turns positive,1
"Intel sees strong improvement in operating margin, lifting investor sentiment",1
"Target posts robust holiday quarter results on strong guidance for the second half, lifting investor sentiment",1
"Uber misses quarterly revenue expectations as recession fears weigh on outlook, hurting investor sentiment",0
"Microsoft posts weaker-than-expected earnings results amid weaker consumer spending, sending shares lower",0
"AMD announces layoffs amid restructuring concerns, sending shares lower",0
"As trading volume rises, Nvidia expands into new international markets",1
Goldman Sachs posts record cloud revenue growth amid strong consumer demand,1
"Before the market open, Pfizer slumps after management cuts outlook",0
"Shopify falls after disappointing subscriber growth, sending shares lower",0
Meta misses delivery estimates for the quarter amid uncertainty in the tech sector,0
"Target misses quarterly revenue expectations, sending shares lower",0
Boeing delays major product launch after the closing bell,0
"Apple lowers production targets for the year after rising costs hurt margins, raising concerns across the sector",0
Nike posts weaker-than-expected earnings results as investors worry about slowing growth,0
Apple slumps after management cuts outlook as trading volume rises,0
Uber posts weaker-than-expected earnings results as demand weakens across major segments,0
"Microsoft shares fall after weak demand outlook as macroeconomic pressure intensifies, sending shares lower",0
Uber announces major AI partnership before the market open,1
"Coca-Cola beats analyst expectations on profit as market sentiment turns positive, supporting a bullish outlook",1
"During the morning session, Netflix faces legal challenges tied to recent acquisition",0
"Walmart benefits from lower production costs following upbeat management commentary, lifting investor sentiment",1
Target reports surge in subscription growth during the morning session,1
"JPMorgan wins large government contract, boosting confidence in the sector",1
AMD faces legal challenges tied to recent acquisition as investors worry about slowing growth,0
Coca-Cola faces legal challenges tied to recent acquisition amid uncertainty in the tech sector,0
Shopify misses quarterly revenue expectations as demand weakens across major segments,0
"In early trading, ExxonMobil beats analyst expectations on profit",1
"Airbnb falls after disappointing subscriber growth while analysts cut price targets, supporting a bearish outlook",0
Target raises full-year revenue guidance as investor confidence improves,1
Shopify posts weaker-than-expected earnings results as investors worry about slowing growth,0
Microsoft expands into new international markets as demand rebounds across segments,1
IBM reports drop in advertising revenue in early trading,0
"Mastercard reports decline in international sales following disappointing management guidance, raising concerns across the sector",0
"Amazon shares jump after strong demand outlook, supporting a bullish outlook",1
"IBM announces strategic acquisition to boost growth while analysts raise price targets, boosting confidence in the sector",1
Airbnb slumps after management cuts outlook in premarket trading,0
"Qualcomm reports surge in subscription growth, lifting investor sentiment",1
"Meta falls after disappointing subscriber growth, sending shares lower",0
Coca-Cola reports stronger-than-expected quarterly earnings amid strong consumer demand,1
Ford misses delivery estimates for the quarter in early trading,0
"Target delays major product launch while analysts cut price targets, raising concerns across the sector",0
"Qualcomm warns of slowing sales growth amid weaker consumer spending, sending shares lower",0
"Visa reports surge in subscription growth as investor confidence improves, sending shares higher",1
Mastercard reports surge in subscription growth as demand rebounds across segments,1
"In premarket trading, Microsoft reports stronger-than-expected quarterly earnings",1
"Boeing reports drop in advertising revenue, sending shares lower",0
Apple receives analyst upgrade after earnings beat in premarket trading,1
Pfizer wins large government contract while analysts raise price targets,1
"Nike posts weaker-than-expected earnings results, supporting a bearish outlook",0
"Netflix shares fall after weak demand outlook as recession fears weigh on outlook, hurting investor sentiment",0
"During the morning session, Adobe misses delivery estimates for the quarter",0
Uber posts robust holiday quarter results driven by AI-related growth,1
Intel expands into new international markets as investor confidence improves,1
"Intel delays major product launch, sending shares lower",0
AMD posts record cloud revenue growth in early trading,1
"As trading volume rises, Amazon reports stronger-than-expected quarterly earnings",1
"Shopify announces strategic acquisition to boost growth, lifting investor sentiment",1
"Meta cuts full-year profit forecast after rising costs hurt margins, hurting investor sentiment",0
Qualcomm reports strong cash flow and higher guidance in premarket trading,1
"Visa launches successful new product line while analysts raise price targets, boosting confidence in the sector",1
"Tesla reports decline in margins this quarter as investors worry about slowing growth, raising concerns across the sector",0
"Salesforce misses quarterly revenue expectations amid weaker consumer spending, sending shares lower",0
Qualcomm misses quarterly revenue expectations after rising costs hurt margins,0
"Netflix rallies after management issues optimistic outlook, sending shares higher",1
"During the morning session, Target raises full-year revenue guidance",1
Qualcomm sees strong improvement in operating margin after the closing bell,1
Ford faces regulatory investigation over business practices in early trading,0
"IBM gains after better-than-expected sales results on strong guidance for the second half, supporting a bullish outlook",1
"JPMorgan reports decline in margins this quarter as recession fears weigh on outlook, supporting a bearish outlook",0
"Visa beats analyst expectations on profit while analysts raise price targets, lifting investor sentiment",1
"As trading volume rises, JPMorgan reports strong cash flow and higher guidance",1
"Goldman Sachs delivers upbeat forecast for next quarter as demand rebounds across segments, boosting confidence in the sector",1
IBM reports strong cash flow and higher guidance driven by AI-related growth,1
Adobe raises full-year revenue guidance driven by AI-related growth,1
Shopify delivers upbeat forecast for next quarter before the market open,1
Apple falls after disappointing subscriber growth due to soft demand in overseas markets,0
"In early trading, Airbnb announces layoffs amid restructuring concerns",0
Goldman Sachs reports surge in subscription growth on strong guidance for the second half,1
"Oracle shares fall after weak demand outlook amid weaker consumer spending, hurting investor sentiment",0
"After the closing bell, Nike falls after disappointing subscriber growth",0
"IBM posts robust holiday quarter results after cost controls improve profitability, supporting a bullish outlook",1
Microsoft reports stronger-than-expected quarterly earnings before the market open,1
"Nike reports surge in subscription growth, lifting investor sentiment",1
Tesla shares fall after weak demand outlook amid weaker consumer spending,0
Intel faces regulatory investigation over business practices as investors worry about slowing growth,0
IBM posts robust holiday quarter results as trading volume rises,1
Coca-Cola launches successful new product line after the closing bell,1
"Microsoft receives analyst upgrade after earnings beat, boosting confidence in the sector",1
Intel expands into new international markets as trading volume rises,1
Target announces stock buyback plan during the morning session,1
"Coca-Cola expands into new international markets while analysts raise price targets, lifting investor sentiment",1
"Amazon reports drop in advertising revenue as recession fears weigh on outlook, sending shares lower",0
JPMorgan falls after disappointing subscriber growth after the closing bell,0
"AMD reports surge in subscription growth as demand rebounds across segments, supporting a bullish outlook",1
"Amazon beats analyst expectations on profit, lifting investor sentiment",1
Tesla announces stock buyback plan following upbeat management commentary,1
Tesla reports decline in international sales as trading volume rises,0
Boeing receives analyst downgrade after earnings miss in early trading,0
"As trading volume rises, Nike falls after disappointing subscriber growth",0
"After the closing bell, ExxonMobil posts record cloud revenue growth",1
ExxonMobil reports decline in international sales amid weaker consumer spending,0
"Nvidia sees rising costs pressure profitability due to soft demand in overseas markets, hurting investor sentiment",0
"As trading volume rises, Goldman Sachs benefits from lower production costs",1
Shopify faces regulatory investigation over business practices as trading volume rises,0
"Goldman Sachs shares jump after strong demand outlook amid strong consumer demand, boosting confidence in the sector",1
"Walmart expands into new international markets, supporting a bullish outlook",1
Intel announces major AI partnership on strong guidance for the second half,1
"Nike posts record cloud revenue growth, sending shares higher",1
Shopify expands into new international markets as margins improve across core businesses,1
ExxonMobil posts weaker-than-expected earnings results as macroeconomic pressure intensifies,0
"Adobe receives analyst downgrade after earnings miss, raising concerns across the sector",0
"Uber receives analyst upgrade after earnings beat, sending shares higher",1
"IBM announces layoffs amid restructuring concerns, sending shares lower",0
IBM cuts full-year profit forecast in early trading,0
Boeing announces layoffs amid restructuring concerns before the market open,0
"Shopify issues cautious guidance for next quarter after rising costs hurt margins, hurting investor sentiment",0
"In early trading, Meta lowers production targets for the year",0
Shopify wins large government contract after cost controls improve profitability,1
"After the closing bell, Netflix wins large government contract",1
"Before the market open, Visa receives analyst upgrade after earnings beat",1
Airbnb gains after better-than-expected sales results in early trading,1
Intel receives analyst downgrade after earnings miss in early trading,0
"ExxonMobil announces layoffs amid restructuring concerns, hurting investor sentiment",0
Google cuts full-year profit forecast due to soft demand in overseas markets,0
"AMD faces supply chain disruptions in key markets as demand weakens across major segments, raising concerns across the sector",0
"Boeing delivers upbeat forecast for next quarter following upbeat management commentary, supporting a bullish outlook",1
"Qualcomm cuts full-year profit forecast as recession fears weigh on outlook, hurting investor sentiment",0
"Airbnb reports decline in international sales, raising concerns across the sector",0
Tesla benefits from lower production costs in premarket trading,1
Goldman Sachs warns of slowing sales growth amid uncertainty in the tech sector,0
Tesla announces strategic acquisition to boost growth driven by AI-related growth,1
"Ford posts record cloud revenue growth, boosting confidence in the sector",1
Salesforce expands into new international markets as trading volume rises,1
"Intel beats analyst expectations on profit on strong guidance for the second half, supporting a bullish outlook",1
Visa shares jump after strong demand outlook in early trading,1
Amazon gains after better-than-expected sales results on strong guidance for the second half,1
"Meta cuts full-year profit forecast as macroeconomic pressure intensifies, sending shares lower",0
"Shopify raises full-year revenue guidance, lifting investor sentiment",1
"Visa falls after disappointing subscriber growth amid uncertainty in the tech sector, sending shares lower",0
ExxonMobil posts robust holiday quarter results in early trading,1
Target posts record cloud revenue growth as trading volume rises,1
"Apple misses quarterly revenue expectations, sending shares lower",0
"AMD sees rising costs pressure profitability, supporting a bearish outlook",0
"IBM shares fall after weak demand outlook after rising costs hurt margins, raising concerns across the sector",0
"Airbnb cuts full-year profit forecast as investors worry about slowing growth, hurting investor sentiment",0
Goldman Sachs delays major product launch in early trading,0
"Visa reports surge in subscription growth while analysts raise price targets, supporting a bullish outlook",1
"Before the market open, Nvidia misses quarterly revenue expectations",0
Intel benefits from lower production costs following upbeat management commentary,1
"Netflix slumps after management cuts outlook amid weaker consumer spending, hurting investor sentiment",0
"Before the market open, IBM expands into new international markets",1
"Goldman Sachs faces legal challenges tied to recent acquisition, raising concerns across the sector",0
"JPMorgan gains after better-than-expected sales results, lifting investor sentiment",1
"In premarket trading, Tesla posts weaker-than-expected earnings results",0
"JPMorgan launches successful new product line as demand rebounds across segments, boosting confidence in the sector",1
Airbnb lowers production targets for the year after the closing bell,0
"Intel shares jump after strong demand outlook after cost controls improve profitability, lifting investor sentiment",1
"In early trading, Oracle falls after disappointing subscriber growth",0
JPMorgan announces stock buyback plan as market sentiment turns positive,1
Shopify shares jump after strong demand outlook as market sentiment turns positive,1
"Oracle expands into new international markets after cost controls improve profitability, sending shares higher",1
"Adobe misses quarterly revenue expectations while analysts cut price targets, raising concerns across the sector",0
Airbnb wins large government contract following upbeat management commentary,1
"Amazon faces supply chain disruptions in key markets, hurting investor sentiment",0
"After the closing bell, Microsoft receives analyst upgrade after earnings beat",1
"Coca-Cola posts weaker-than-expected earnings results amid weaker consumer spending, supporting a bearish outlook",0
Visa shares fall after weak demand outlook as macroeconomic pressure intensifies,0
Amazon rallies after management issues optimistic outlook as margins improve across core businesses,1
"Intel reports drop in advertising revenue due to soft demand in overseas markets, raising concerns across the sector",0
"In early trading, Qualcomm misses quarterly revenue expectations",0
Airbnb issues cautious guidance for next quarter in early trading,0
"After the closing bell, ExxonMobil benefits from lower production costs",1
AMD sees strong improvement in operating margin as trading volume rises,1
"Goldman Sachs faces regulatory investigation over business practices as investors worry about slowing growth, raising concerns across the sector",0
"Coca-Cola reports strong cash flow and higher guidance following upbeat management commentary, supporting a bullish outlook",1
Netflix lowers production targets for the year amid weaker consumer spending,0
"Airbnb reports drop in advertising revenue, supporting a bearish outlook",0
Amazon reports decline in margins this quarter after the closing bell,0
Nike sees strong improvement in operating margin in premarket trading,1
"Uber delays major product launch amid uncertainty in the tech sector, supporting a bearish outlook",0
Salesforce benefits from lower production costs before the market open,1
Netflix falls after disappointing subscriber growth after the closing bell,0
"Before the market open, Ford announces major AI partnership",1
Boeing announces stock buyback plan amid strong consumer demand,1
Target reports decline in margins this quarter following disappointing management guidance,0
"Tesla falls after disappointing subscriber growth amid weaker consumer spending, supporting a bearish outlook",0
"As trading volume rises, Meta misses quarterly revenue expectations",0
"JPMorgan falls after disappointing subscriber growth amid weaker consumer spending, raising concerns across the sector",0
Airbnb posts weaker-than-expected earnings results while analysts cut price targets,0
"AMD delays major product launch, raising concerns across the sector",0
Target slumps after management cuts outlook amid weaker consumer spending,0
